dataset_title,id,image_filename,organ,disease_state,oncotree_code,species,patient,st_technology,data_publication_date,license,study_link,download_page_link1,inter_spot_dist,spot_diameter,spots_under_tissue,preservation_method,nb_genes,treatment_comment,pixel_size_um_embedded,pixel_size_um_estimated,magnification,fullres_px_width,fullres_px_height,tissue,disease_comment,subseries,hest_version_added,species_group,_technology_clean
Xenium v1 Human Breast FFPE with Biomarkers & Housekeeping Genes Custom Panel,TENX202,TENX202.tif,Breast,Cancer,IDC,Homo sapiens,Patient 4,Xenium,2025-12-11,Creative Commons Attribution,https://www.biorxiv.org/content/10.64898/2025.12.08.692193v1,https://www.10xgenomics.com/datasets/xenium-ffpe-human-breast-biomarkers,100.0,100.0,5599,FFPE,541,,0.2738087525815373,0.2739677293510169,,21607,30322,Breast,"DCIS, T4a N2a, G3, HER2-1+","Section 4, bottom",v1_3_0,Human,Xenium
Xenium v1 Human Breast FFPE with Biomarkers & Housekeeping Genes Custom Panel,TENX201,TENX201.tif,Breast,Cancer,IDC,Homo sapiens,Patient 4,Xenium,2025-12-11,Creative Commons Attribution,https://www.biorxiv.org/content/10.64898/2025.12.08.692193v1,https://www.10xgenomics.com/datasets/xenium-ffpe-human-breast-biomarkers,100.0,100.0,6993,FFPE,541,,0.2738095097930846,0.2740396830434351,,22892,39456,Breast,"IDC, T2 N0 MX, Not provided, ER+/PR+/HER2-2+","Section 4, middle",v1_3_0,Human,Xenium
Xenium v1 Human Breast FFPE with Biomarkers & Housekeeping Genes Custom Panel,TENX200,TENX200.tif,Breast,Cancer,IDC,Homo sapiens,Patient 4,Xenium,2025-12-11,Creative Commons Attribution,https://www.biorxiv.org/content/10.64898/2025.12.08.692193v1,https://www.10xgenomics.com/datasets/xenium-ffpe-human-breast-biomarkers,100.0,100.0,6410,FFPE,541,,0.273812538681155,0.2739585075438425,,26717,46370,Breast,"IDC, Tis NX MX, G3, ER+/PR+/HER2-1+","Section 4, top",v1_3_0,Human,Xenium
Xenium v1 Human Breast FFPE with Biomarkers & Housekeeping Genes Custom Panel,TENX199,TENX199.tif,Breast,Cancer,IDC,Homo sapiens,Patient 3,Xenium,2025-12-11,Creative Commons Attribution,https://www.biorxiv.org/content/10.64898/2025.12.08.692193v1,https://www.10xgenomics.com/datasets/xenium-ffpe-human-breast-biomarkers,100.0,100.0,3285,FFPE,541,,0.2738077329765654,0.2740618867029958,,14853,31607,Breast,"DCIS, TX NX M0, G2, ER-/PR-/HER2-2+","Section 3, bottom",v1_3_0,Human,Xenium
Xenium v1 Human Breast FFPE with Biomarkers & Housekeeping Genes Custom Panel,TENX198,TENX198.tif,Breast,Cancer,IDC,Homo sapiens,Patient 3,Xenium,2025-12-11,Creative Commons Attribution,https://www.biorxiv.org/content/10.64898/2025.12.08.692193v1,https://www.10xgenomics.com/datasets/xenium-ffpe-human-breast-biomarkers,100.0,100.0,8307,FFPE,541,,0.2738134683533101,0.2741103762473849,,32654,35502,Breast,"DCIS, T4b N3a M1, G2, ER+/PR+/HER2-2+","Section 3, middle",v1_3_0,Human,Xenium
Xenium v1 Human Breast FFPE with Biomarkers & Housekeeping Genes Custom Panel,TENX197,TENX197.tif,Breast,Cancer,IDC,Homo sapiens,Patient 3,Xenium,2025-12-11,Creative Commons Attribution,https://www.biorxiv.org/content/10.64898/2025.12.08.692193v1,https://www.10xgenomics.com/datasets/xenium-ffpe-human-breast-biomarkers,100.0,100.0,10083,FFPE,541,,0.2738129585323143,0.2740442248237784,,36559,48352,Breast,"CCH/DCIS, Tis N0, G2, ER+/PR+/HER2-1+","Section 3, top",v1_3_0,Human,Xenium
Xenium v1 Human Breast FFPE with Biomarkers & Housekeeping Genes Custom Panel,TENX196,TENX196.tif,Breast,Cancer,IDC,Homo sapiens,Patient 2,Xenium,2025-12-11,Creative Commons Attribution,https://www.biorxiv.org/content/10.64898/2025.12.08.692193v1,https://www.10xgenomics.com/datasets/xenium-ffpe-human-breast-biomarkers,100.0,100.0,10020,FFPE,541,,0.2738071182184137,0.2740778908045294,,33113,44726,Breast,"DCIS, Tis NX MX, G3, HER2-3+","Section 2, bottom",v1_3_0,Human,Xenium
Xenium v1 Human Breast FFPE with Biomarkers & Housekeeping Genes Custom Panel,TENX195,TENX195.tif,Breast,Cancer,IDC,Homo sapiens,Patient 2,Xenium,2025-12-11,Creative Commons Attribution,https://www.biorxiv.org/content/10.64898/2025.12.08.692193v1,https://www.10xgenomics.com/datasets/xenium-ffpe-human-breast-biomarkers,100.0,100.0,6824,FFPE,541,,0.2738125686704808,0.2739744019366152,,27235,38540,Breast,"DCIS, T1c N1 MX, G2, HER2-2+","Section 2, middle",v1_3_0,Human,Xenium
Xenium v1 Human Breast FFPE with Biomarkers & Housekeeping Genes Custom Panel,TENX193,TENX193.tif,Breast,Cancer,IDC,Homo sapiens,Patient 1,Xenium,2025-12-11,Creative Commons Attribution,https://www.biorxiv.org/content/10.64898/2025.12.08.692193v1,https://www.10xgenomics.com/datasets/xenium-ffpe-human-breast-biomarkers,100.0,100.0,8987,FFPE,541,,0.2738126061571474,0.2739530535228832,,29458,45088,Breast,"DCIS, T1c N0 M0, G3, HER2-1+","Section 1, bottom",v1_3_0,Human,Xenium
Xenium v1 Human Breast FFPE with Biomarkers & Housekeeping Genes Custom Panel,TENX192,TENX192.tif,Breast,Cancer,IDC,Homo sapiens,Patient 1,Xenium,2025-12-11,Creative Commons Attribution,https://www.biorxiv.org/content/10.64898/2025.12.08.692193v1,https://www.10xgenomics.com/datasets/xenium-ffpe-human-breast-biomarkers,100.0,100.0,7972,FFPE,541,,0.2738139406891623,0.2741561461564812,,31283,32331,Breast,"DCIS, T2 N0 M0, G2, ER+/PR+/HER2-2+","Section 1, middle",v1_3_0,Human,Xenium
Xenium v1 Human Breast FFPE with Biomarkers & Housekeeping Genes Custom Panel,TENX191,TENX191.tif,Breast,Cancer,IDC,Homo sapiens,Patient 1,Xenium,2025-12-11,Creative Commons Attribution,https://www.biorxiv.org/content/10.64898/2025.12.08.692193v1,https://www.10xgenomics.com/datasets/xenium-ffpe-human-breast-biomarkers,100.0,100.0,6111,FFPE,541,,0.2738092998726321,0.2740410920775886,,20515,43995,Breast,"IDC, T3 N0 M0, G3, HER2-Neg","Section 1, top",v1_3_0,Human,Xenium
Post-Xenium Technical Note: Xenium v1 and Xenium Prime 5K for FFPE Human Lung Cancer,TENX190,TENX190.tif,Lung,Cancer,LUAD,Homo sapiens,,Xenium 5k,2024-11-06,Creative Commons Attribution,,https://www.10xgenomics.com/datasets/xenium-human-lung-cancer-post-xenium-technote,100.0,100.0,7281,FFPE,541,,0.2738086101362688,0.2740367237600741,,25078,43448,Lung,"Lung Cancer, Invasive Acinar Adenocarcinoma, IB, T2a N0 MX","Experiment 1, Xenium v1",v1_3_0,Human,Xenium 5k
Post-Xenium Technical Note: Xenium v1 and Xenium Prime 5K for FFPE Human Lung Cancer,TENX189,TENX189.tif,Lung,Cancer,LUAD,Homo sapiens,,Xenium 5k,2024-11-06,Creative Commons Attribution,,https://www.10xgenomics.com/datasets/xenium-human-lung-cancer-post-xenium-technote,100.0,100.0,7189,FFPE,10029,,0.2737674721480609,0.2737631333458806,,26720,43270,Lung,"Lung Cancer, Invasive Acinar Adenocarcinoma, IB, T2a N0 MX","Experiment 2, Xenium Prime 5K",v1_3_0,Human,Xenium 5k
Fresh Frozen Human Ovarian Adenocarcinoma with 5K Human Pan Tissue and Pathways Panel,TENX160,TENX160.tif,Ovary,Cancer,HGSOC,Homo sapiens,,Xenium 5k,2024-09-04,Creative Commons Attribution,,https://www.10xgenomics.com/datasets/xenium-prime-fresh-frozen-human-ovary,100.0,100.0,20123,Fresh Frozen,5001,,0.2737753794567825,0.2737374305049762,,78928,41263,Ovary,Ovarian Adenocarcinoma,,v1_3_0,Human,Xenium 5k
FFPE Human Ovarian Cancer with 5K Human Pan Tissue and Pathways Panel plus 100 Custom Genes,TENX187,TENX187.tif,Ovary,Cancer,HGSOC,Homo sapiens,,Xenium 5k,2024-09-04,Creative Commons Attribution,,https://www.10xgenomics.com/datasets/xenium-prime-ffpe-human-ovarian-cancer,100.0,100.0,8556,FFPE,5101,,0.2738174795111963,0.2740338449672789,,30918,43993,Ovary,Ovarian Papillary Serous Carcinoma: III-B (T3b N0 MX),,v1_3_0,Human,Xenium 5k
FFPE Human Cervical Cancer with 5K Human Pan Tissue and Pathways Panel plus 100 Custom Genes,TENX188,TENX188.tif,Cervix,Cancer,TODO,Homo sapiens,,Xenium 5k,2024-09-04,Creative Commons Attribution,,https://www.10xgenomics.com/datasets/xenium-prime-ffpe-human-cervical-cancer,100.0,100.0,10924,FFPE,5001,,0.2738144880009973,0.2741220366330526,,38219,46545,Cervix,Stage III-B (T1b N1 MX),,v1_3_0,Human,Xenium 5k
"Cross-Platform Comparison: Visium HD Spatial Gene Expression Library, Human Ovarian Cancer (Fresh Frozen)",TENX185,TENX185.tif,Ovary,Cancer,SOC,Homo sapiens,,Visium HD,2025-10-07,Creative Commons Attribution,,https://www.10xgenomics.com/datasets/visium-hd-cytassist-gene-expression-ovarian-cancer-discovery-fresh-frozen,2.0,2.0,2068,Fresh Frozen,18132,,0.264583333333333,0.27387774332693,40x,24882,30496,Ovary,"(Ovarian Cancer, Ovarian Papillary Serous Carcinoma, II-A).",Minimum Sequencing Depth,v1_2_0,Human,Visium HD
"Cross-Platform Comparison: Visium HD Spatial Gene Expression Library, Human Ovarian Cancer (Fresh Frozen)",TENX184,TENX184.tif,Ovary,Cancer,SOC,Homo sapiens,,Visium HD,2025-10-07,Creative Commons Attribution,,https://www.10xgenomics.com/datasets/visium-hd-cytassist-gene-expression-ovarian-cancer-discovery-fresh-frozen,2.0,2.0,2068,Fresh Frozen,18132,,0.264583333333333,0.27387774332693,40x,24882,30496,Ovary,"(Ovarian Cancer, Ovarian Papillary Serous Carcinoma, II-A).",Deep sequencing,v1_2_0,Human,Visium HD
"Cross-Platform Comparison: Visium HD 3' Gene Expression Library, Human Ovarian Cancer (Fresh Frozen)",TENX183,TENX183.tif,Ovary,Cancer,SOC,Homo sapiens,,Visium HD 3',2025-10-07,Creative Commons Attribution,,https://www.10xgenomics.com/datasets/visium-hd-three-prime-ovarian-cancer-discovery-fresh-frozen,2.0,2.0,2113,Fresh Frozen,38606,,0.264583333333333,0.273797392815952,40x,25811,26686,Ovary,"(Ovarian Cancer, Ovarian Papillary Serous Carcinoma, II-A).",Minimum Sequencing Depth,v1_2_0,Human,Visium HD 3'
"Cross-Platform Comparison: Visium HD 3' Gene Expression Library, Human Ovarian Cancer (Fresh Frozen)",TENX182,TENX182.tif,Ovary,Cancer,SOC,Homo sapiens,,Visium HD 3',2025-10-07,Creative Commons Attribution,,https://www.10xgenomics.com/datasets/visium-hd-three-prime-ovarian-cancer-discovery-fresh-frozen,2.0,2.0,2113,Fresh Frozen,38606,,0.264583333333333,0.273797392815952,40x,25811,26686,Ovary,"(Ovarian Cancer, Ovarian Papillary Serous Carcinoma, II-A).",Deep sequencing,v1_2_0,Human,Visium HD 3'
"Visium HD Spatial Gene Expression Library, Human Breast Cancer (Fresh Frozen), Ultima Sequencing",TENX180,TENX180.tif,Breast,Cancer,IDC,Homo sapiens,,Visium HD,2025-07-24,Creative Commons Attribution,,https://www.10xgenomics.com/datasets/visium-hd-cytassist-gene-expression-libraries-human-breast-cancer-ff-ultima-4,2.0,2.0,2377,Fresh Frozen,18085,,0.264583333333333,0.546840692459342,40x,16016,14625,Breast,Invasive ductal carcinoma (DCIS RIN: 7.7),,v1_2_0,Human,Visium HD
"Visium HD 3' Gene Expression Library, Human Pancreatic Cancer (Fresh Frozen)",TENX179,TENX179.tif,Pancreas,Cancer,PDAC,Homo sapiens,,Visium HD 3',2025-07-03,Creative Commons Attribution,,https://www.10xgenomics.com/datasets/visium-hd-three-prime-human-pancreatic-cancer-fresh-frozen,2.0,2.0,2164,Fresh Frozen,38606,,0.264583333333333,0.273595314382342,40x,45702,48733,Pancreas,,,v1_2_0,Human,Visium HD 3'
"Visium HD 3' Gene Expression Library, Human Ovarian Cancer (Fresh Frozen)",TENX177,TENX177.tif,Ovary,Cancer,CCOV,Homo sapiens,,Visium HD 3',2025-06-10,Creative Commons Attribution,,https://www.10xgenomics.com/datasets/visium-hd-three-prime-ovarian-cancer-fresh-frozen,2.0,2.0,1963,Fresh Frozen,38606,,0.264583333333333,0.273706175825143,40x,83479,53112,Ovary,Clear Cell Adenocarcinoma,,v1_2_0,Human,Visium HD 3'
"Visium HD 3' Gene Expression Library, Human + Mouse Xenograft (Fresh Frozen)",TENX175,TENX175.tif,Bowel,Cancer/Genetically modified,COAD,Homo sapiens/Mus musculus,,Visium HD 3',2025-06-10,Creative Commons Attribution,,https://www.10xgenomics.com/datasets/visium-hd-three-prime-human-mouse-xenograft-fresh-frozen,2.0,2.0,2163,Fresh Frozen,72302,,0.264583333333333,0.273700254366803,40x,23070,34518,Colon,,,v1_2_0,Human,Visium HD 3'
"Visium HD Spatial Gene Expression Library, Human Prostate Cancer (FFPE)",TENX174,TENX174.tif,Prostate,Cancer,PRAD,Homo sapiens,,Visium HD,2025-06-10,Creative Commons Attribution,,https://www.10xgenomics.com/datasets/visium-hd-cytassist-gene-expression-libraries-human-prostate-cancer-ffpe,2.0,2.0,2385,FFPE,18132,,0.264583333333333,0.273803518867898,40x,28288,24794,Prostate,,,v1_2_0,Human,Visium HD
"Visium HD Spatial Gene Expression Libraries, Post-Xenium, Human Lung Cancer (FFPE)",TENX171,TENX171.tif,Lung,Cancer,LUAD,Homo sapiens,,Visium HD,2024-09-24,Creative Commons Attribution,,https://www.10xgenomics.com/datasets/visium-hd-cytassist-gene-expression-human-lung-cancer-post-xenium-expt,2.0,2.0,1774,FFPE,18085,,0.264583333333333,0.273696892898189,40x,26720,43270,Lung,,"Experiment 2, post-Xenium Prime 5K",v1_2_0,Human,Visium HD
"Visium HD Spatial Gene Expression Libraries, Post-Xenium, Human Lung Cancer (FFPE)",TENX170,TENX170.tif,Lung,Cancer,LUAD,Homo sapiens,,Visium HD,2024-09-24,Creative Commons Attribution,,https://www.10xgenomics.com/datasets/visium-hd-cytassist-gene-expression-human-lung-cancer-post-xenium-expt,2.0,2.0,1877,FFPE,18085,,0.264583333333333,0.27381161527725,40x,25078,43266,Lung,,"Experiment 2, HD only (control)",v1_2_0,Human,Visium HD
"Visium HD Spatial Gene Expression Libraries, Post-Xenium, Human Lung Cancer (FFPE)",TENX169,TENX169.tif,Lung,Cancer,LUAD,Homo sapiens,,Visium HD,2024-09-24,Creative Commons Attribution,,https://www.10xgenomics.com/datasets/visium-hd-cytassist-gene-expression-human-lung-cancer-post-xenium-expt,2.0,2.0,1897,FFPE,18085,,0.264583333333333,0.273687496942159,40x,25078,43448,Lung,,"Experiment 1, post-Xenium v1",v1_2_0,Human,Visium HD
"Visium HD Spatial Gene Expression Libraries, Post-Xenium, Human Lung Cancer (FFPE)",TENX168,TENX168.tif,Lung,Cancer,LUAD,Homo sapiens,,Visium HD,2024-09-24,Creative Commons Attribution,,https://www.10xgenomics.com/datasets/visium-hd-cytassist-gene-expression-human-lung-cancer-post-xenium-expt,2.0,2.0,1952,FFPE,18085,,0.264583333333333,0.273755424119274,40x,25625,43630,Lung,,"Experiment 1, HD only (control)",v1_2_0,Human,Visium HD
"Visium HD Spatial Gene Expression Library, Human Lung Cancer (Fixed Frozen)",TENX163,TENX163.tif,Lung,Cancer,LUAD,Homo sapiens,,Visium HD,2024-09-17,Creative Commons Attribution,,https://www.10xgenomics.com/datasets/visium-hd-cytassist-gene-expression-human-lung-cancer-fixed-frozen,2.0,2.0,2487,Fixed Frozen,18085,,0.264583333333333,0.273716933152281,40x,54639,29814,Lung,,,v1_2_0,Human,Visium HD
"Visium HD Spatial Gene Expression Library, Human Breast Cancer (Fresh Frozen)",TENX162,TENX162.tif,Breast,Cancer,IDC,Homo sapiens,,Visium HD,2024-09-17,Creative Commons Attribution,,https://www.10xgenomics.com/datasets/visium-hd-cytassist-gene-expression-human-breast-cancer-fresh-frozen,2.0,2.0,2021,Fresh Frozen,18085,,0.264583333333333,0.273836697733682,40x,34009,25840,Breast,DCIS,,v1_2_0,Human,Visium HD
"Visium HD Spatial Gene Expression Library, Human Breast Cancer (Fixed Frozen)",TENX161,TENX161.tif,Breast,Cancer,IDC,Homo sapiens,,Visium HD,2024-09-17,Creative Commons Attribution,,https://www.10xgenomics.com/datasets/visium-hd-cytassist-gene-expression-human-breast-cancer-fixed-frozen,2.0,2.0,2809,Fixed Frozen,18085,,0.264583333333333,0.273787250340856,40x,42052,38345,Breast,Invasive ductal carcinoma,,v1_2_0,Human,Visium HD
FFPE Human Skin Primary Dermal Melanoma with 5K Human Pan Tissue and Pathways Panel,TENX158,TENX158.tif,Skin,Cancer,SKCM,Homo sapiens,,Xenium,7/31/24,Creative Commons Attribution,,https://www.10xgenomics.com/datasets/xenium-prime-ffpe-human-skin,,,2179,FFPE,10017,,0.273776930991814,0.273753681255925,40x,18669,35787,Skin,Primary Dermal Melanoma ,,v1_1_0,Human,Xenium
FFPE Human Prostate Adenocarcinoma with 5K Human Pan Tissue and Pathways Panel,TENX157,TENX157.tif,Prostate,Cancer,PRAD,Homo sapiens,,Xenium,7/31/24,Creative Commons Attribution,,https://www.10xgenomics.com/datasets/xenium-prime-ffpe-human-prostate,,,4427,FFPE,10006,,0.273771729296376,0.273741465304451,40x,25002,49976,Prostate,,,v1_1_0,Human,Xenium
Characterization of immune cell populations in the tumor microenvironment of colorectal cancer using high definition spatial profiling,TENX156,TENX156.tif,Bowel,Cancer,COAD,Homo sapiens,Patient 1,Visium HD,7/11/24,Creative Commons Attribution,https://www.biorxiv.org/content/10.1101/2024.06.04.597233v1.full,https://www.10xgenomics.com/products/visium-hd-spatial-gene-expression/dataset-human-crc,2.0,2.0,2179,FFPE,18085,,0.264583333333333,0.273802324565481,40x,71106,58791,Colon,Stage II-A ,"Visium HD, Sample P1 CRC",v1_1_0,Human,Visium HD
Characterization of immune cell populations in the tumor microenvironment of colorectal cancer using high definition spatial profiling,TENX155,TENX155.tif,Bowel,Cancer,COAD,Homo sapiens,Patient 2,Visium HD,7/11/24,Creative Commons Attribution,https://www.biorxiv.org/content/10.1101/2024.06.04.597233v1.full,https://www.10xgenomics.com/products/visium-hd-spatial-gene-expression/dataset-human-crc,2.0,2.0,2281,FFPE,18085,,0.264583333333333,0.273874419926874,40x,75250,48740,Colon,,"Visium HD, Sample P2 CRC",v1_1_0,Human,Visium HD
Characterization of immune cell populations in the tumor microenvironment of colorectal cancer using high definition spatial profiling,TENX154,TENX154.tif,Bowel,Cancer,COAD,Homo sapiens,Patient 5,Visium HD,7/11/24,Creative Commons Attribution,https://www.biorxiv.org/content/10.1101/2024.06.04.597233v1.full,https://www.10xgenomics.com/products/visium-hd-spatial-gene-expression/dataset-human-crc,2.0,2.0,2220,FFPE,18085,,0.264583333333333,0.273770509329827,40x,72897,64370,Colon,,"Visium HD, Sample P5 CRC",v1_1_0,Human,Visium HD
Characterization of immune cell populations in the tumor microenvironment of colorectal cancer using high definition spatial profiling,TENX152,TENX152.tif,Bowel,Cancer,COAD,Homo sapiens,Patient 2,Visium,7/11/24,Creative Commons Attribution,https://www.biorxiv.org/content/10.1101/2024.06.04.597233v1.full,https://www.10xgenomics.com/products/visium-hd-spatial-gene-expression/dataset-human-crc,100.0,55.0,4269,FFPE,18085,,0.264583333333333,0.273723960330269,40x,76190,49099,Colon,,"Visium CytAssist v2, Sample P2 CRC",v1_1_0,Human,Visium
Characterization of immune cell populations in the tumor microenvironment of colorectal cancer using high definition spatial profiling,TENX149,TENX149.tif,Bowel,Cancer,COAD,Homo sapiens,Patient 1,Xenium,7/11/24,Creative Commons Attribution,https://www.biorxiv.org/content/10.1101/2024.06.04.597233v1.full,https://www.10xgenomics.com/products/visium-hd-spatial-gene-expression/dataset-human-crc,,,4009,FFPE,541,,0.273776818561148,0.274030888058221,40x,70534,60222,Colon,Stage II-A ,"Xenium In Situ, Sample P1 CRC",v1_1_0,Human,Xenium
Characterization of immune cell populations in the tumor microenvironment of colorectal cancer using high definition spatial profiling,TENX148,TENX148.tif,Bowel,Cancer,COAD,Homo sapiens,Patient 2,Xenium,7/11/24,Creative Commons Attribution,https://www.biorxiv.org/content/10.1101/2024.06.04.597233v1.full,https://www.10xgenomics.com/products/visium-hd-spatial-gene-expression/dataset-human-crc,,,4379,FFPE,541,,0.273776188951127,0.273760357163598,40x,75184,48582,Colon,,"Xenium In Situ, Sample P2 CRC",v1_1_0,Human,Xenium
Characterization of immune cell populations in the tumor microenvironment of colorectal cancer using high definition spatial profiling,TENX147,TENX147.tif,Bowel,Cancer,COAD,Homo sapiens,Patient 5,Xenium,7/11/24,Creative Commons Attribution,https://www.biorxiv.org/content/10.1101/2024.06.04.597233v1.full,https://www.10xgenomics.com/products/visium-hd-spatial-gene-expression/dataset-human-crc,,,3997,FFPE,541,,0.273775371961487,0.24970220990847,40x,71082,66226,Colon,Stage IV-A ,"Xenium In Situ, Sample P5 CRC",v1_1_0,Human,Xenium
Nextflow Pipeline for Visium and H&E Data from Patient-Derived Xenograft Samples,ZEN81,ZEN81.tif,Skin,Cancer,MEL,Mus musculus,,Visium,21-May-24,Creative Commons Attribution 4.0 International,https://www.biorxiv.org/content/10.1101/2023.07.27.550727v1,https://www.ncbi.nlm.nih.gov/geo/query/acc.cgi?acc=GSE238004,100.0,55.0,4991,Fresh Frozen,68886,,0.220818796095924,0.220802767396177,40x,35392,36416,Skin,WM4237-1 melanoma PDX,"WM4237-1, mouse 1337, untreated, sample S1",v1_1_0,Animal,Visium
Nextflow Pipeline for Visium and H&E Data from Patient-Derived Xenograft Samples,ZEN80,ZEN80.tif,Skin,Cancer,MEL,Mus musculus,,Visium,21-May-24,Creative Commons Attribution 4.0 International,https://www.biorxiv.org/content/10.1101/2023.07.27.550727v1,https://www.ncbi.nlm.nih.gov/geo/query/acc.cgi?acc=GSE238004,100.0,55.0,4992,Fresh Frozen,68886,,0.220818796095924,0.220376673687378,40x,36096,36992,Skin,WM4237-1 melanoma PDX,"WM4237-1, mouse 1337, untreated, sample S2",v1_1_0,Animal,Visium
Nextflow Pipeline for Visium and H&E Data from Patient-Derived Xenograft Samples,ZEN79,ZEN79.tif,Skin,Cancer,MEL,Mus musculus,,Visium,21-May-24,Creative Commons Attribution 4.0 International,https://www.biorxiv.org/content/10.1101/2023.07.27.550727v1,https://www.ncbi.nlm.nih.gov/geo/query/acc.cgi?acc=GSE238004,100.0,55.0,4991,Fresh Frozen,68886,,0.220818796095924,0.220804441171179,40x,36288,36544,Skin,WM4237-1 melanoma PDX,"WM4237-1, mouse 1337, untreated, sample S3",v1_1_0,Animal,Visium
Nextflow Pipeline for Visium and H&E Data from Patient-Derived Xenograft Samples,ZEN78,ZEN78.tif,Skin,Cancer,MEL,Mus musculus,,Visium,21-May-24,Creative Commons Attribution 4.0 International,https://www.biorxiv.org/content/10.1101/2023.07.27.550727v1,https://www.ncbi.nlm.nih.gov/geo/query/acc.cgi?acc=GSE238004,100.0,55.0,4992,Fresh Frozen,68886,,0.220818796095924,0.220768269145843,40x,35904,36608,Skin,WM4237-1 melanoma PDX,"WM4237-1, mouse 1337, untreated, sample S4",v1_1_0,Animal,Visium
COLON MAP: Colon Molecular Atlas Project,MISC73,MISC73.tif,Bowel,Cancer,COAD,Homo sapiens,   ,Visium,December 7 2023,CC BY-NC-ND 4.0,https://www.cell.com/cell/fulltext/S0092-8674(23)01222-9?_returnURL=https%3A%2F%2Flinkinghub.elsevier.com%2Fretrieve%2Fpii%2FS0092867423012229%3Fshowall%3Dtrue#secsectitle0020,https://humantumoratlas.org/explore?selectedFilters=%5B%7B%22value%22%3A%22HTAN+Vanderbilt%22%2C%22group%22%3A%22AtlasName%22%2C%22count%22%3A2389%2C%22isSelected%22%3Afalse%7D%2C%7B%22value%22%3A%2210x+Visium%22%2C%22group%22%3A%22assayName%22%2C%22count%22%3A369%2C%22isSelected%22%3Afalse%7D%2C%7B%22value%22%3A%22hdf5%22%2C%22group%22%3A%22FileFormat%22%2C%22count%22%3A41%2C%22isSelected%22%3Afalse%7D%2C%7B%22value%22%3A%22tif%22%2C%22group%22%3A%22FileFormat%22%2C%22count%22%3A41%2C%22isSelected%22%3Afalse%7D%5D&tab=file,100.0,55.0,3901,FFPE,19074,,1.0,0.275682888253711,40x,40647,37511,Colon,Not otherwise specified,6723_KL_1,v1_1_0,Human,Visium
COLON MAP: Colon Molecular Atlas Project,MISC72,MISC72.tif,Bowel,Cancer,COAD,Homo sapiens,   ,Visium,December 7 2023,CC BY-NC-ND 4.0,https://www.cell.com/cell/fulltext/S0092-8674(23)01222-9?_returnURL=https%3A%2F%2Flinkinghub.elsevier.com%2Fretrieve%2Fpii%2FS0092867423012229%3Fshowall%3Dtrue#secsectitle0020,https://humantumoratlas.org/explore?selectedFilters=%5B%7B%22value%22%3A%22HTAN+Vanderbilt%22%2C%22group%22%3A%22AtlasName%22%2C%22count%22%3A2389%2C%22isSelected%22%3Afalse%7D%2C%7B%22value%22%3A%2210x+Visium%22%2C%22group%22%3A%22assayName%22%2C%22count%22%3A369%2C%22isSelected%22%3Afalse%7D%2C%7B%22value%22%3A%22hdf5%22%2C%22group%22%3A%22FileFormat%22%2C%22count%22%3A41%2C%22isSelected%22%3Afalse%7D%2C%7B%22value%22%3A%22tif%22%2C%22group%22%3A%22FileFormat%22%2C%22count%22%3A41%2C%22isSelected%22%3Afalse%7D%5D&tab=file,100.0,55.0,4369,FFPE,19310,,1.0,0.276276550066396,40x,35672,31259,Colon,Not otherwise specified,6723_KL_2,v1_1_0,Human,Visium
COLON MAP: Colon Molecular Atlas Project,MISC71,MISC71.tif,Bowel,Cancer,COAD,Homo sapiens,   ,Visium,December 7 2023,CC BY-NC-ND 4.0,https://www.cell.com/cell/fulltext/S0092-8674(23)01222-9?_returnURL=https%3A%2F%2Flinkinghub.elsevier.com%2Fretrieve%2Fpii%2FS0092867423012229%3Fshowall%3Dtrue#secsectitle0020,https://humantumoratlas.org/explore?selectedFilters=%5B%7B%22value%22%3A%22HTAN+Vanderbilt%22%2C%22group%22%3A%22AtlasName%22%2C%22count%22%3A2389%2C%22isSelected%22%3Afalse%7D%2C%7B%22value%22%3A%2210x+Visium%22%2C%22group%22%3A%22assayName%22%2C%22count%22%3A369%2C%22isSelected%22%3Afalse%7D%2C%7B%22value%22%3A%22hdf5%22%2C%22group%22%3A%22FileFormat%22%2C%22count%22%3A41%2C%22isSelected%22%3Afalse%7D%2C%7B%22value%22%3A%22tif%22%2C%22group%22%3A%22FileFormat%22%2C%22count%22%3A41%2C%22isSelected%22%3Afalse%7D%5D&tab=file,100.0,55.0,2997,FFPE,19251,,1.0,0.27565137797477,40x,43347,34811,Colon,Not otherwise specified,6723_KL_3,v1_1_0,Human,Visium
COLON MAP: Colon Molecular Atlas Project,MISC70,MISC70.tif,Bowel,Cancer,COAD,Homo sapiens,   ,Visium,December 7 2023,CC BY-NC-ND 4.0,https://www.cell.com/cell/fulltext/S0092-8674(23)01222-9?_returnURL=https%3A%2F%2Flinkinghub.elsevier.com%2Fretrieve%2Fpii%2FS0092867423012229%3Fshowall%3Dtrue#secsectitle0020,https://humantumoratlas.org/explore?selectedFilters=%5B%7B%22value%22%3A%22HTAN+Vanderbilt%22%2C%22group%22%3A%22AtlasName%22%2C%22count%22%3A2389%2C%22isSelected%22%3Afalse%7D%2C%7B%22value%22%3A%2210x+Visium%22%2C%22group%22%3A%22assayName%22%2C%22count%22%3A369%2C%22isSelected%22%3Afalse%7D%2C%7B%22value%22%3A%22hdf5%22%2C%22group%22%3A%22FileFormat%22%2C%22count%22%3A41%2C%22isSelected%22%3Afalse%7D%2C%7B%22value%22%3A%22tif%22%2C%22group%22%3A%22FileFormat%22%2C%22count%22%3A41%2C%22isSelected%22%3Afalse%7D%5D&tab=file,100.0,55.0,3934,FFPE,19116,,1.0,0.275953387431483,40x,31693,32000,Colon,Not otherwise specified,6723_KL_4,v1_1_0,Human,Visium
COLON MAP: Colon Molecular Atlas Project,MISC69,MISC69.tif,Bowel,Cancer,COAD,Homo sapiens,   ,Visium,December 7 2023,CC BY-NC-ND 4.0,https://www.cell.com/cell/fulltext/S0092-8674(23)01222-9?_returnURL=https%3A%2F%2Flinkinghub.elsevier.com%2Fretrieve%2Fpii%2FS0092867423012229%3Fshowall%3Dtrue#secsectitle0020,https://humantumoratlas.org/explore?selectedFilters=%5B%7B%22value%22%3A%22HTAN+Vanderbilt%22%2C%22group%22%3A%22AtlasName%22%2C%22count%22%3A2389%2C%22isSelected%22%3Afalse%7D%2C%7B%22value%22%3A%2210x+Visium%22%2C%22group%22%3A%22assayName%22%2C%22count%22%3A369%2C%22isSelected%22%3Afalse%7D%2C%7B%22value%22%3A%22hdf5%22%2C%22group%22%3A%22FileFormat%22%2C%22count%22%3A41%2C%22isSelected%22%3Afalse%7D%2C%7B%22value%22%3A%22tif%22%2C%22group%22%3A%22FileFormat%22%2C%22count%22%3A41%2C%22isSelected%22%3Afalse%7D%5D&tab=file,100.0,55.0,3634,FFPE,19263,,1.0,0.276054339276,40x,29487,41562,Colon,Primary,7003_AS_1,v1_1_0,Human,Visium
COLON MAP: Colon Molecular Atlas Project,MISC68,MISC68.tif,Bowel,Cancer,COAD,Homo sapiens,   ,Visium,December 7 2023,CC BY-NC-ND 4.0,https://www.cell.com/cell/fulltext/S0092-8674(23)01222-9?_returnURL=https%3A%2F%2Flinkinghub.elsevier.com%2Fretrieve%2Fpii%2FS0092867423012229%3Fshowall%3Dtrue#secsectitle0020,https://humantumoratlas.org/explore?selectedFilters=%5B%7B%22value%22%3A%22HTAN+Vanderbilt%22%2C%22group%22%3A%22AtlasName%22%2C%22count%22%3A2389%2C%22isSelected%22%3Afalse%7D%2C%7B%22value%22%3A%2210x+Visium%22%2C%22group%22%3A%22assayName%22%2C%22count%22%3A369%2C%22isSelected%22%3Afalse%7D%2C%7B%22value%22%3A%22hdf5%22%2C%22group%22%3A%22FileFormat%22%2C%22count%22%3A41%2C%22isSelected%22%3Afalse%7D%2C%7B%22value%22%3A%22tif%22%2C%22group%22%3A%22FileFormat%22%2C%22count%22%3A41%2C%22isSelected%22%3Afalse%7D%5D&tab=file,100.0,55.0,2708,FFPE,19359,,1.0,0.276233796138446,40x,31421,38904,Colon,Not otherwise specified,7003_AS_2,v1_1_0,Human,Visium
COLON MAP: Colon Molecular Atlas Project,MISC67,MISC67.tif,Bowel,Cancer,COAD,Homo sapiens,   ,Visium,December 7 2023,CC BY-NC-ND 4.0,https://www.cell.com/cell/fulltext/S0092-8674(21)01381-7?_returnURL=https%3A%2F%2Flinkinghub.elsevier.com%2Fretrieve%2Fpii%2FS0092867421013817%3Fshowall%3Dtrue,https://humantumoratlas.org/explore?selectedFilters=%5B%7B%22value%22%3A%22HTAN+Vanderbilt%22%2C%22group%22%3A%22AtlasName%22%2C%22count%22%3A2389%2C%22isSelected%22%3Afalse%7D%2C%7B%22value%22%3A%2210x+Visium%22%2C%22group%22%3A%22assayName%22%2C%22count%22%3A369%2C%22isSelected%22%3Afalse%7D%2C%7B%22value%22%3A%22hdf5%22%2C%22group%22%3A%22FileFormat%22%2C%22count%22%3A41%2C%22isSelected%22%3Afalse%7D%2C%7B%22value%22%3A%22tif%22%2C%22group%22%3A%22FileFormat%22%2C%22count%22%3A41%2C%22isSelected%22%3Afalse%7D%5D&tab=file,100.0,55.0,2551,FFPE,19384,,1.0,0.275770623054963,40x,32871,30768,Colon,Primary,7003_AS_3,v1_1_0,Human,Visium
COLON MAP: Colon Molecular Atlas Project,MISC66,MISC66.tif,Bowel,Cancer,COAD,Homo sapiens,   ,Visium,December 7 2023,CC BY-NC-ND 4.0,https://www.cell.com/cell/fulltext/S0092-8674(23)01222-9?_returnURL=https%3A%2F%2Flinkinghub.elsevier.com%2Fretrieve%2Fpii%2FS0092867423012229%3Fshowall%3Dtrue#secsectitle0020,https://humantumoratlas.org/explore?selectedFilters=%5B%7B%22value%22%3A%22HTAN+Vanderbilt%22%2C%22group%22%3A%22AtlasName%22%2C%22count%22%3A2389%2C%22isSelected%22%3Afalse%7D%2C%7B%22value%22%3A%2210x+Visium%22%2C%22group%22%3A%22assayName%22%2C%22count%22%3A369%2C%22isSelected%22%3Afalse%7D%2C%7B%22value%22%3A%22hdf5%22%2C%22group%22%3A%22FileFormat%22%2C%22count%22%3A41%2C%22isSelected%22%3Afalse%7D%2C%7B%22value%22%3A%22tif%22%2C%22group%22%3A%22FileFormat%22%2C%22count%22%3A41%2C%22isSelected%22%3Afalse%7D%5D&tab=file,100.0,55.0,3970,FFPE,19347,,1.0,0.275517767683869,40x,39908,30539,Colon,Not otherwise specified,7003_AS_4,v1_1_0,Human,Visium
COLON MAP: Colon Molecular Atlas Project,MISC65,MISC65.tif,Bowel,Cancer,COAD,Homo sapiens,   ,Visium,December 7 2023,CC BY-NC-ND 4.0,https://www.cell.com/cell/fulltext/S0092-8674(23)01222-9?_returnURL=https%3A%2F%2Flinkinghub.elsevier.com%2Fretrieve%2Fpii%2FS0092867423012229%3Fshowall%3Dtrue#secsectitle0020,https://humantumoratlas.org/explore?selectedFilters=%5B%7B%22value%22%3A%22HTAN+Vanderbilt%22%2C%22group%22%3A%22AtlasName%22%2C%22count%22%3A2389%2C%22isSelected%22%3Afalse%7D%2C%7B%22value%22%3A%2210x+Visium%22%2C%22group%22%3A%22assayName%22%2C%22count%22%3A369%2C%22isSelected%22%3Afalse%7D%2C%7B%22value%22%3A%22hdf5%22%2C%22group%22%3A%22FileFormat%22%2C%22count%22%3A41%2C%22isSelected%22%3Afalse%7D%2C%7B%22value%22%3A%22tif%22%2C%22group%22%3A%22FileFormat%22%2C%22count%22%3A41%2C%22isSelected%22%3Afalse%7D%5D&tab=file,100.0,55.0,3261,FFPE,19402,,1.0,0.275640476,40x,31370,30188,Colon,Primary,7003_AS_5,v1_1_0,Human,Visium
COLON MAP: Colon Molecular Atlas Project,MISC64,MISC64.tif,Bowel,Cancer,COAD,Homo sapiens,   ,Visium,December 7 2023,CC BY-NC-ND 4.0,https://www.cell.com/cell/fulltext/S0092-8674(23)01222-9?_returnURL=https%3A%2F%2Flinkinghub.elsevier.com%2Fretrieve%2Fpii%2FS0092867423012229%3Fshowall%3Dtrue#secsectitle0020,https://humantumoratlas.org/explore?selectedFilters=%5B%7B%22value%22%3A%22HTAN+Vanderbilt%22%2C%22group%22%3A%22AtlasName%22%2C%22count%22%3A2389%2C%22isSelected%22%3Afalse%7D%2C%7B%22value%22%3A%2210x+Visium%22%2C%22group%22%3A%22assayName%22%2C%22count%22%3A369%2C%22isSelected%22%3Afalse%7D%2C%7B%22value%22%3A%22hdf5%22%2C%22group%22%3A%22FileFormat%22%2C%22count%22%3A41%2C%22isSelected%22%3Afalse%7D%2C%7B%22value%22%3A%22tif%22%2C%22group%22%3A%22FileFormat%22%2C%22count%22%3A41%2C%22isSelected%22%3Afalse%7D%5D&tab=file,100.0,55.0,2533,FFPE,19411,,1.0,0.275974843,40x,32805,30971,Colon,Not otherwise specified,7003_AS_6,v1_1_0,Human,Visium
COLON MAP: Colon Molecular Atlas Project,MISC63,MISC63.tif,Bowel,Cancer,COAD,Homo sapiens,   ,Visium,December 7 2023,CC BY-NC-ND 4.0,https://www.cell.com/cell/fulltext/S0092-8674(23)01222-9?_returnURL=https%3A%2F%2Flinkinghub.elsevier.com%2Fretrieve%2Fpii%2FS0092867423012229%3Fshowall%3Dtrue#secsectitle0020,https://humantumoratlas.org/explore?selectedFilters=%5B%7B%22value%22%3A%22HTAN+Vanderbilt%22%2C%22group%22%3A%22AtlasName%22%2C%22count%22%3A2389%2C%22isSelected%22%3Afalse%7D%2C%7B%22value%22%3A%2210x+Visium%22%2C%22group%22%3A%22assayName%22%2C%22count%22%3A369%2C%22isSelected%22%3Afalse%7D%2C%7B%22value%22%3A%22hdf5%22%2C%22group%22%3A%22FileFormat%22%2C%22count%22%3A41%2C%22isSelected%22%3Afalse%7D%2C%7B%22value%22%3A%22tif%22%2C%22group%22%3A%22FileFormat%22%2C%22count%22%3A41%2C%22isSelected%22%3Afalse%7D%5D&tab=file,100.0,55.0,3467,FFPE,19346,,1.0,0.275884882858729,40x,37827,34035,Colon,Primary,7003_AS_7,v1_1_0,Human,Visium
COLON MAP: Colon Molecular Atlas Project,MISC62,MISC62.tif,Bowel,Cancer,COAD,Homo sapiens,   ,Visium,December 7 2023,CC BY-NC-ND 4.0,https://www.cell.com/cell/fulltext/S0092-8674(23)01222-9?_returnURL=https%3A%2F%2Flinkinghub.elsevier.com%2Fretrieve%2Fpii%2FS0092867423012229%3Fshowall%3Dtrue#secsectitle0020,https://humantumoratlas.org/explore?selectedFilters=%5B%7B%22value%22%3A%22HTAN+Vanderbilt%22%2C%22group%22%3A%22AtlasName%22%2C%22count%22%3A2389%2C%22isSelected%22%3Afalse%7D%2C%7B%22value%22%3A%2210x+Visium%22%2C%22group%22%3A%22assayName%22%2C%22count%22%3A369%2C%22isSelected%22%3Afalse%7D%2C%7B%22value%22%3A%22hdf5%22%2C%22group%22%3A%22FileFormat%22%2C%22count%22%3A41%2C%22isSelected%22%3Afalse%7D%2C%7B%22value%22%3A%22tif%22%2C%22group%22%3A%22FileFormat%22%2C%22count%22%3A41%2C%22isSelected%22%3Afalse%7D%5D&tab=file,100.0,55.0,4132,FFPE,19391,,1.0,0.275910784795015,40x,35153,30645,Colon,Not otherwise specified,7003_AS_8,v1_1_0,Human,Visium
COLON MAP: Colon Molecular Atlas Project,MISC58,MISC58.tif,Bowel,Cancer,COAD,Homo sapiens,   ,Visium,December 7 2023,CC BY-NC-ND 4.0,https://www.cell.com/cell/fulltext/S0092-8674(23)01222-9?_returnURL=https%3A%2F%2Flinkinghub.elsevier.com%2Fretrieve%2Fpii%2FS0092867423012229%3Fshowall%3Dtrue#secsectitle0020,https://humantumoratlas.org/explore?selectedFilters=%5B%7B%22value%22%3A%22HTAN+Vanderbilt%22%2C%22group%22%3A%22AtlasName%22%2C%22count%22%3A2389%2C%22isSelected%22%3Afalse%7D%2C%7B%22value%22%3A%2210x+Visium%22%2C%22group%22%3A%22assayName%22%2C%22count%22%3A369%2C%22isSelected%22%3Afalse%7D%2C%7B%22value%22%3A%22hdf5%22%2C%22group%22%3A%22FileFormat%22%2C%22count%22%3A41%2C%22isSelected%22%3Afalse%7D%2C%7B%22value%22%3A%22tif%22%2C%22group%22%3A%22FileFormat%22%2C%22count%22%3A41%2C%22isSelected%22%3Afalse%7D%5D&tab=file,100.0,55.0,1165,FFPE,19259,,1.0,0.276395914727015,40x,29024,29767,Colon,Not otherwise specified,7794_AS_1,v1_1_0,Human,Visium
COLON MAP: Colon Molecular Atlas Project,MISC57,MISC57.tif,Bowel,Cancer,COAD,Homo sapiens,   ,Visium,December 7 2023,CC BY-NC-ND 4.0,https://www.cell.com/cell/fulltext/S0092-8674(23)01222-9?_returnURL=https%3A%2F%2Flinkinghub.elsevier.com%2Fretrieve%2Fpii%2FS0092867423012229%3Fshowall%3Dtrue#secsectitle0020,https://humantumoratlas.org/explore?selectedFilters=%5B%7B%22value%22%3A%22HTAN+Vanderbilt%22%2C%22group%22%3A%22AtlasName%22%2C%22count%22%3A2389%2C%22isSelected%22%3Afalse%7D%2C%7B%22value%22%3A%2210x+Visium%22%2C%22group%22%3A%22assayName%22%2C%22count%22%3A369%2C%22isSelected%22%3Afalse%7D%2C%7B%22value%22%3A%22hdf5%22%2C%22group%22%3A%22FileFormat%22%2C%22count%22%3A41%2C%22isSelected%22%3Afalse%7D%2C%7B%22value%22%3A%22tif%22%2C%22group%22%3A%22FileFormat%22%2C%22count%22%3A41%2C%22isSelected%22%3Afalse%7D%5D&tab=file,100.0,55.0,989,FFPE,19165,,1.0,0.276191381013209,40x,29522,29858,Colon,Not otherwise specified,7794_AS_2,v1_1_0,Human,Visium
COLON MAP: Colon Molecular Atlas Project,MISC56,MISC56.tif,Bowel,Cancer,COAD,Homo sapiens,   ,Visium,December 7 2023,CC BY-NC-ND 4.0,https://www.cell.com/cell/fulltext/S0092-8674(23)01222-9?_returnURL=https%3A%2F%2Flinkinghub.elsevier.com%2Fretrieve%2Fpii%2FS0092867423012229%3Fshowall%3Dtrue#secsectitle0020,https://humantumoratlas.org/explore?selectedFilters=%5B%7B%22value%22%3A%22HTAN+Vanderbilt%22%2C%22group%22%3A%22AtlasName%22%2C%22count%22%3A2389%2C%22isSelected%22%3Afalse%7D%2C%7B%22value%22%3A%2210x+Visium%22%2C%22group%22%3A%22assayName%22%2C%22count%22%3A369%2C%22isSelected%22%3Afalse%7D%2C%7B%22value%22%3A%22hdf5%22%2C%22group%22%3A%22FileFormat%22%2C%22count%22%3A41%2C%22isSelected%22%3Afalse%7D%2C%7B%22value%22%3A%22tif%22%2C%22group%22%3A%22FileFormat%22%2C%22count%22%3A41%2C%22isSelected%22%3Afalse%7D%5D&tab=file,100.0,55.0,3395,FFPE,19338,,1.0,0.276066702364836,40x,32959,34877,Colon,Not otherwise specified,7794_AS_3,v1_1_0,Human,Visium
COLON MAP: Colon Molecular Atlas Project,MISC51,MISC51.tif,Bowel,Cancer,COAD,Homo sapiens,   ,Visium,December 7 2023,CC BY-NC-ND 4.0,https://www.cell.com/cell/fulltext/S0092-8674(23)01222-9?_returnURL=https%3A%2F%2Flinkinghub.elsevier.com%2Fretrieve%2Fpii%2FS0092867423012229%3Fshowall%3Dtrue#secsectitle0020,https://humantumoratlas.org/explore?selectedFilters=%5B%7B%22value%22%3A%22HTAN+Vanderbilt%22%2C%22group%22%3A%22AtlasName%22%2C%22count%22%3A2389%2C%22isSelected%22%3Afalse%7D%2C%7B%22value%22%3A%2210x+Visium%22%2C%22group%22%3A%22assayName%22%2C%22count%22%3A369%2C%22isSelected%22%3Afalse%7D%2C%7B%22value%22%3A%22hdf5%22%2C%22group%22%3A%22FileFormat%22%2C%22count%22%3A41%2C%22isSelected%22%3Afalse%7D%2C%7B%22value%22%3A%22tif%22%2C%22group%22%3A%22FileFormat%22%2C%22count%22%3A41%2C%22isSelected%22%3Afalse%7D%5D&tab=file,100.0,55.0,3076,FFPE,19174,,1.0,0.275691710501649,40x,30198,30951,Colon,Primary,8270_AS_6,v1_1_0,Human,Visium
COLON MAP: Colon Molecular Atlas Project,MISC50,MISC50.tif,Bowel,Cancer,COAD,Homo sapiens,   ,Visium,December 7 2023,CC BY-NC-ND 4.0,https://www.cell.com/cell/fulltext/S0092-8674(23)01222-9?_returnURL=https%3A%2F%2Flinkinghub.elsevier.com%2Fretrieve%2Fpii%2FS0092867423012229%3Fshowall%3Dtrue#secsectitle0020,https://humantumoratlas.org/explore?selectedFilters=%5B%7B%22value%22%3A%22HTAN+Vanderbilt%22%2C%22group%22%3A%22AtlasName%22%2C%22count%22%3A2389%2C%22isSelected%22%3Afalse%7D%2C%7B%22value%22%3A%2210x+Visium%22%2C%22group%22%3A%22assayName%22%2C%22count%22%3A369%2C%22isSelected%22%3Afalse%7D%2C%7B%22value%22%3A%22hdf5%22%2C%22group%22%3A%22FileFormat%22%2C%22count%22%3A41%2C%22isSelected%22%3Afalse%7D%2C%7B%22value%22%3A%22tif%22%2C%22group%22%3A%22FileFormat%22%2C%22count%22%3A41%2C%22isSelected%22%3Afalse%7D%5D&tab=file,100.0,55.0,4297,FFPE,18776,,1.0,0.27638347483247,40x,30850,31670,Colon,Not otherwise specified,8270_AS_7,v1_1_0,Human,Visium
COLON MAP: Colon Molecular Atlas Project,MISC49,MISC49.tif,Bowel,Cancer,COAD,Homo sapiens,   ,Visium,December 7 2023,CC BY-NC-ND 4.0,https://www.cell.com/cell/fulltext/S0092-8674(23)01222-9?_returnURL=https%3A%2F%2Flinkinghub.elsevier.com%2Fretrieve%2Fpii%2FS0092867423012229%3Fshowall%3Dtrue#secsectitle0020,https://humantumoratlas.org/explore?selectedFilters=%5B%7B%22value%22%3A%22HTAN+Vanderbilt%22%2C%22group%22%3A%22AtlasName%22%2C%22count%22%3A2389%2C%22isSelected%22%3Afalse%7D%2C%7B%22value%22%3A%2210x+Visium%22%2C%22group%22%3A%22assayName%22%2C%22count%22%3A369%2C%22isSelected%22%3Afalse%7D%2C%7B%22value%22%3A%22hdf5%22%2C%22group%22%3A%22FileFormat%22%2C%22count%22%3A41%2C%22isSelected%22%3Afalse%7D%2C%7B%22value%22%3A%22tif%22%2C%22group%22%3A%22FileFormat%22%2C%22count%22%3A41%2C%22isSelected%22%3Afalse%7D%5D&tab=file,100.0,55.0,4624,FFPE,19330,,1.0,0.276879328643989,40x,43764,35653,Colon,Primary,8270_AS_8,v1_1_0,Human,Visium
COLON MAP: Colon Molecular Atlas Project,MISC48,MISC48.tif,Bowel,Cancer,COAD,Homo sapiens,   ,Visium,December 7 2023,CC BY-NC-ND 4.0,https://www.cell.com/cell/fulltext/S0092-8674(23)01222-9?_returnURL=https%3A%2F%2Flinkinghub.elsevier.com%2Fretrieve%2Fpii%2FS0092867423012229%3Fshowall%3Dtrue#secsectitle0020,https://humantumoratlas.org/explore?selectedFilters=%5B%7B%22value%22%3A%22HTAN+Vanderbilt%22%2C%22group%22%3A%22AtlasName%22%2C%22count%22%3A2389%2C%22isSelected%22%3Afalse%7D%2C%7B%22value%22%3A%2210x+Visium%22%2C%22group%22%3A%22assayName%22%2C%22count%22%3A369%2C%22isSelected%22%3Afalse%7D%2C%7B%22value%22%3A%22hdf5%22%2C%22group%22%3A%22FileFormat%22%2C%22count%22%3A41%2C%22isSelected%22%3Afalse%7D%2C%7B%22value%22%3A%22tif%22%2C%22group%22%3A%22FileFormat%22%2C%22count%22%3A41%2C%22isSelected%22%3Afalse%7D%5D&tab=file,100.0,55.0,3577,FFPE,19111,,1.0,0.275981477705183,40x,33014,32972,Colon,Primary,8270_AS_9,v1_1_0,Human,Visium
COLON MAP: Colon Molecular Atlas Project,MISC47,MISC47.tif,Bowel,Cancer,COAD,Homo sapiens,   ,Visium,December 7 2023,CC BY-NC-ND 4.0,https://www.cell.com/cell/fulltext/S0092-8674(23)01222-9?_returnURL=https%3A%2F%2Flinkinghub.elsevier.com%2Fretrieve%2Fpii%2FS0092867423012229%3Fshowall%3Dtrue#secsectitle0020,https://humantumoratlas.org/explore?selectedFilters=%5B%7B%22value%22%3A%22HTAN+Vanderbilt%22%2C%22group%22%3A%22AtlasName%22%2C%22count%22%3A2389%2C%22isSelected%22%3Afalse%7D%2C%7B%22value%22%3A%2210x+Visium%22%2C%22group%22%3A%22assayName%22%2C%22count%22%3A369%2C%22isSelected%22%3Afalse%7D%2C%7B%22value%22%3A%22hdf5%22%2C%22group%22%3A%22FileFormat%22%2C%22count%22%3A41%2C%22isSelected%22%3Afalse%7D%2C%7B%22value%22%3A%22tif%22%2C%22group%22%3A%22FileFormat%22%2C%22count%22%3A41%2C%22isSelected%22%3Afalse%7D%5D&tab=file,100.0,55.0,4818,FFPE,19327,,1.0,0.275734266671116,40x,33578,40228,Colon,Primary,8270_AS_10,v1_1_0,Human,Visium
COLON MAP: Colon Molecular Atlas Project,MISC46,MISC46.tif,Bowel,Cancer,COAD,Homo sapiens,   ,Visium,December 7 2023,CC BY-NC-ND 4.0,https://www.cell.com/cell/fulltext/S0092-8674(23)01222-9?_returnURL=https%3A%2F%2Flinkinghub.elsevier.com%2Fretrieve%2Fpii%2FS0092867423012229%3Fshowall%3Dtrue#secsectitle0020,https://humantumoratlas.org/explore?selectedFilters=%5B%7B%22value%22%3A%22HTAN+Vanderbilt%22%2C%22group%22%3A%22AtlasName%22%2C%22count%22%3A2389%2C%22isSelected%22%3Afalse%7D%2C%7B%22value%22%3A%2210x+Visium%22%2C%22group%22%3A%22assayName%22%2C%22count%22%3A369%2C%22isSelected%22%3Afalse%7D%2C%7B%22value%22%3A%22hdf5%22%2C%22group%22%3A%22FileFormat%22%2C%22count%22%3A41%2C%22isSelected%22%3Afalse%7D%2C%7B%22value%22%3A%22tif%22%2C%22group%22%3A%22FileFormat%22%2C%22count%22%3A41%2C%22isSelected%22%3Afalse%7D%5D&tab=file,100.0,55.0,4511,FFPE,19337,,1.0,0.275720396058627,40x,37926,38293,Colon,Primary,8270_AS_11,v1_1_0,Human,Visium
COLON MAP: Colon Molecular Atlas Project,MISC45,MISC45.tif,Bowel,Cancer,COAD,Homo sapiens,   ,Visium,December 7 2023,CC BY-NC-ND 4.0,https://www.cell.com/cell/fulltext/S0092-8674(23)01222-9?_returnURL=https%3A%2F%2Flinkinghub.elsevier.com%2Fretrieve%2Fpii%2FS0092867423012229%3Fshowall%3Dtrue#secsectitle0020,https://humantumoratlas.org/explore?selectedFilters=%5B%7B%22value%22%3A%22HTAN+Vanderbilt%22%2C%22group%22%3A%22AtlasName%22%2C%22count%22%3A2389%2C%22isSelected%22%3Afalse%7D%2C%7B%22value%22%3A%2210x+Visium%22%2C%22group%22%3A%22assayName%22%2C%22count%22%3A369%2C%22isSelected%22%3Afalse%7D%2C%7B%22value%22%3A%22hdf5%22%2C%22group%22%3A%22FileFormat%22%2C%22count%22%3A41%2C%22isSelected%22%3Afalse%7D%2C%7B%22value%22%3A%22tif%22%2C%22group%22%3A%22FileFormat%22%2C%22count%22%3A41%2C%22isSelected%22%3Afalse%7D%5D&tab=file,100.0,55.0,4118,FFPE,19270,,1.0,0.275786568566236,40x,38651,40469,Colon,Not otherwise specified,8270_AS_12,v1_1_0,Human,Visium
COLON MAP: Colon Molecular Atlas Project,MISC44,MISC44.tif,Bowel,Cancer,COAD,Homo sapiens,   ,Visium,December 7 2023,CC BY-NC-ND 4.0,https://www.cell.com/cell/fulltext/S0092-8674(23)01222-9?_returnURL=https%3A%2F%2Flinkinghub.elsevier.com%2Fretrieve%2Fpii%2FS0092867423012229%3Fshowall%3Dtrue#secsectitle0020,https://humantumoratlas.org/explore?selectedFilters=%5B%7B%22value%22%3A%22HTAN+Vanderbilt%22%2C%22group%22%3A%22AtlasName%22%2C%22count%22%3A2389%2C%22isSelected%22%3Afalse%7D%2C%7B%22value%22%3A%2210x+Visium%22%2C%22group%22%3A%22assayName%22%2C%22count%22%3A369%2C%22isSelected%22%3Afalse%7D%2C%7B%22value%22%3A%22hdf5%22%2C%22group%22%3A%22FileFormat%22%2C%22count%22%3A41%2C%22isSelected%22%3Afalse%7D%2C%7B%22value%22%3A%22tif%22%2C%22group%22%3A%22FileFormat%22%2C%22count%22%3A41%2C%22isSelected%22%3Afalse%7D%5D&tab=file,100.0,55.0,932,FFPE,18518,,1.0,0.276023985945412,40x,29037,29650,Colon,Not otherwise specified,8578_AS_1,v1_1_0,Human,Visium
COLON MAP: Colon Molecular Atlas Project,MISC43,MISC43.tif,Bowel,Cancer,COAD,Homo sapiens,   ,Visium,December 7 2023,CC BY-NC-ND 4.0,https://www.cell.com/cell/fulltext/S0092-8674(23)01222-9?_returnURL=https%3A%2F%2Flinkinghub.elsevier.com%2Fretrieve%2Fpii%2FS0092867423012229%3Fshowall%3Dtrue#secsectitle0020,https://humantumoratlas.org/explore?selectedFilters=%5B%7B%22value%22%3A%22HTAN+Vanderbilt%22%2C%22group%22%3A%22AtlasName%22%2C%22count%22%3A2389%2C%22isSelected%22%3Afalse%7D%2C%7B%22value%22%3A%2210x+Visium%22%2C%22group%22%3A%22assayName%22%2C%22count%22%3A369%2C%22isSelected%22%3Afalse%7D%2C%7B%22value%22%3A%22hdf5%22%2C%22group%22%3A%22FileFormat%22%2C%22count%22%3A41%2C%22isSelected%22%3Afalse%7D%2C%7B%22value%22%3A%22tif%22%2C%22group%22%3A%22FileFormat%22%2C%22count%22%3A41%2C%22isSelected%22%3Afalse%7D%5D&tab=file,100.0,55.0,1186,FFPE,19121,,1.0,0.275759369242067,40x,28610,29312,Colon,Not otherwise specified,8578_AS_2,v1_1_0,Human,Visium
COLON MAP: Colon Molecular Atlas Project,MISC42,MISC42.tif,Bowel,Cancer,COAD,Homo sapiens,   ,Visium,December 7 2023,CC BY-NC-ND 4.0,https://www.cell.com/cell/fulltext/S0092-8674(23)01222-9?_returnURL=https%3A%2F%2Flinkinghub.elsevier.com%2Fretrieve%2Fpii%2FS0092867423012229%3Fshowall%3Dtrue#secsectitle0020,https://humantumoratlas.org/explore?selectedFilters=%5B%7B%22value%22%3A%22HTAN+Vanderbilt%22%2C%22group%22%3A%22AtlasName%22%2C%22count%22%3A2389%2C%22isSelected%22%3Afalse%7D%2C%7B%22value%22%3A%2210x+Visium%22%2C%22group%22%3A%22assayName%22%2C%22count%22%3A369%2C%22isSelected%22%3Afalse%7D%2C%7B%22value%22%3A%22hdf5%22%2C%22group%22%3A%22FileFormat%22%2C%22count%22%3A41%2C%22isSelected%22%3Afalse%7D%2C%7B%22value%22%3A%22tif%22%2C%22group%22%3A%22FileFormat%22%2C%22count%22%3A41%2C%22isSelected%22%3Afalse%7D%5D&tab=file,100.0,55.0,659,FFPE,19304,,1.0,0.27406584100117,40x,28379,29145,Colon,Primary,8578_AS_3,v1_1_0,Human,Visium
COLON MAP: Colon Molecular Atlas Project,MISC41,MISC41.tif,Bowel,Cancer,COAD,Homo sapiens,   ,Visium,December 7 2023,CC BY-NC-ND 4.0,https://www.cell.com/cell/fulltext/S0092-8674(23)01222-9?_returnURL=https%3A%2F%2Flinkinghub.elsevier.com%2Fretrieve%2Fpii%2FS0092867423012229%3Fshowall%3Dtrue#secsectitle0020,https://humantumoratlas.org/explore?selectedFilters=%5B%7B%22value%22%3A%22HTAN+Vanderbilt%22%2C%22group%22%3A%22AtlasName%22%2C%22count%22%3A2389%2C%22isSelected%22%3Afalse%7D%2C%7B%22value%22%3A%2210x+Visium%22%2C%22group%22%3A%22assayName%22%2C%22count%22%3A369%2C%22isSelected%22%3Afalse%7D%2C%7B%22value%22%3A%22hdf5%22%2C%22group%22%3A%22FileFormat%22%2C%22count%22%3A41%2C%22isSelected%22%3Afalse%7D%2C%7B%22value%22%3A%22tif%22%2C%22group%22%3A%22FileFormat%22%2C%22count%22%3A41%2C%22isSelected%22%3Afalse%7D%5D&tab=file,100.0,55.0,3708,FFPE,19255,,1.0,0.276106249551129,40x,43931,35341,Colon,Not otherwise specified,8578_AS_4,v1_1_0,Human,Visium
COLON MAP: Colon Molecular Atlas Project,MISC40,MISC40.tif,Bowel,Cancer,COAD,Homo sapiens,   ,Visium,December 7 2023,CC BY-NC-ND 4.0,https://www.cell.com/cell/fulltext/S0092-8674(21)01381-7?_returnURL=https%3A%2F%2Flinkinghub.elsevier.com%2Fretrieve%2Fpii%2FS0092867421013817%3Fshowall%3Dtrue,https://humantumoratlas.org/explore?selectedFilters=%5B%7B%22value%22%3A%22HTAN+Vanderbilt%22%2C%22group%22%3A%22AtlasName%22%2C%22count%22%3A2389%2C%22isSelected%22%3Afalse%7D%2C%7B%22value%22%3A%2210x+Visium%22%2C%22group%22%3A%22assayName%22%2C%22count%22%3A369%2C%22isSelected%22%3Afalse%7D%2C%7B%22value%22%3A%22hdf5%22%2C%22group%22%3A%22FileFormat%22%2C%22count%22%3A41%2C%22isSelected%22%3Afalse%7D%2C%7B%22value%22%3A%22tif%22%2C%22group%22%3A%22FileFormat%22%2C%22count%22%3A41%2C%22isSelected%22%3Afalse%7D%5D&tab=file,100.0,55.0,4116,FFPE,19352,,1.0,0.2760855049202,40x,38943,30896,Colon,Not otherwise specified,8899_AS_1,v1_1_0,Human,Visium
COLON MAP: Colon Molecular Atlas Project,MISC39,MISC39.tif,Bowel,Cancer,COAD,Homo sapiens,   ,Visium,December 7 2023,CC BY-NC-ND 4.0,https://www.cell.com/cell/fulltext/S0092-8674(23)01222-9?_returnURL=https%3A%2F%2Flinkinghub.elsevier.com%2Fretrieve%2Fpii%2FS0092867423012229%3Fshowall%3Dtrue#secsectitle0020,https://humantumoratlas.org/explore?selectedFilters=%5B%7B%22value%22%3A%22HTAN+Vanderbilt%22%2C%22group%22%3A%22AtlasName%22%2C%22count%22%3A2389%2C%22isSelected%22%3Afalse%7D%2C%7B%22value%22%3A%2210x+Visium%22%2C%22group%22%3A%22assayName%22%2C%22count%22%3A369%2C%22isSelected%22%3Afalse%7D%2C%7B%22value%22%3A%22hdf5%22%2C%22group%22%3A%22FileFormat%22%2C%22count%22%3A41%2C%22isSelected%22%3Afalse%7D%2C%7B%22value%22%3A%22tif%22%2C%22group%22%3A%22FileFormat%22%2C%22count%22%3A41%2C%22isSelected%22%3Afalse%7D%5D&tab=file,100.0,55.0,4078,FFPE,19234,,1.0,0.276017144760782,40x,42087,29895,Colon,Not otherwise specified,8899_AS_2,v1_1_0,Human,Visium
COLON MAP: Colon Molecular Atlas Project,MISC38,MISC38.tif,Bowel,Cancer,COAD,Homo sapiens,   ,Visium,December 7 2023,CC BY-NC-ND 4.0,https://www.cell.com/cell/fulltext/S0092-8674(23)01222-9?_returnURL=https%3A%2F%2Flinkinghub.elsevier.com%2Fretrieve%2Fpii%2FS0092867423012229%3Fshowall%3Dtrue#secsectitle0020,https://humantumoratlas.org/explore?selectedFilters=%5B%7B%22value%22%3A%22HTAN+Vanderbilt%22%2C%22group%22%3A%22AtlasName%22%2C%22count%22%3A2389%2C%22isSelected%22%3Afalse%7D%2C%7B%22value%22%3A%2210x+Visium%22%2C%22group%22%3A%22assayName%22%2C%22count%22%3A369%2C%22isSelected%22%3Afalse%7D%2C%7B%22value%22%3A%22hdf5%22%2C%22group%22%3A%22FileFormat%22%2C%22count%22%3A41%2C%22isSelected%22%3Afalse%7D%2C%7B%22value%22%3A%22tif%22%2C%22group%22%3A%22FileFormat%22%2C%22count%22%3A41%2C%22isSelected%22%3Afalse%7D%5D&tab=file,100.0,55.0,1727,FFPE,19366,,1.0,0.275776057624794,40x,35714,30081,Colon,Not otherwise specified,8899_AS_3,v1_1_0,Human,Visium
COLON MAP: Colon Molecular Atlas Project,MISC37,MISC37.tif,Bowel,Cancer,COAD,Homo sapiens,   ,Visium,December 7 2023,CC BY-NC-ND 4.0,https://www.cell.com/cell/fulltext/S0092-8674(23)01222-9?_returnURL=https%3A%2F%2Flinkinghub.elsevier.com%2Fretrieve%2Fpii%2FS0092867423012229%3Fshowall%3Dtrue#secsectitle0020,https://humantumoratlas.org/explore?selectedFilters=%5B%7B%22value%22%3A%22HTAN+Vanderbilt%22%2C%22group%22%3A%22AtlasName%22%2C%22count%22%3A2389%2C%22isSelected%22%3Afalse%7D%2C%7B%22value%22%3A%2210x+Visium%22%2C%22group%22%3A%22assayName%22%2C%22count%22%3A369%2C%22isSelected%22%3Afalse%7D%2C%7B%22value%22%3A%22hdf5%22%2C%22group%22%3A%22FileFormat%22%2C%22count%22%3A41%2C%22isSelected%22%3Afalse%7D%2C%7B%22value%22%3A%22tif%22%2C%22group%22%3A%22FileFormat%22%2C%22count%22%3A41%2C%22isSelected%22%3Afalse%7D%5D&tab=file,100.0,55.0,3636,FFPE,19396,,1.0,0.275608929539976,40x,29932,30740,Colon,Not otherwise specified,8899_AS_4,v1_1_0,Human,Visium
COLON MAP: Colon Molecular Atlas Project,MISC36,MISC36.tif,Bowel,Cancer,COAD,Homo sapiens,   ,Visium,December 7 2023,CC BY-NC-ND 4.0,https://www.cell.com/cell/fulltext/S0092-8674(23)01222-9?_returnURL=https%3A%2F%2Flinkinghub.elsevier.com%2Fretrieve%2Fpii%2FS0092867423012229%3Fshowall%3Dtrue#secsectitle0020,https://humantumoratlas.org/explore?selectedFilters=%5B%7B%22value%22%3A%22HTAN+Vanderbilt%22%2C%22group%22%3A%22AtlasName%22%2C%22count%22%3A2389%2C%22isSelected%22%3Afalse%7D%2C%7B%22value%22%3A%2210x+Visium%22%2C%22group%22%3A%22assayName%22%2C%22count%22%3A369%2C%22isSelected%22%3Afalse%7D%2C%7B%22value%22%3A%22hdf5%22%2C%22group%22%3A%22FileFormat%22%2C%22count%22%3A41%2C%22isSelected%22%3Afalse%7D%2C%7B%22value%22%3A%22tif%22%2C%22group%22%3A%22FileFormat%22%2C%22count%22%3A41%2C%22isSelected%22%3Afalse%7D%5D&tab=file,100.0,55.0,3502,FFPE,19119,,1.0,0.275939727377364,40x,40790,39664,Colon,Not otherwise specified,8899_AS_5,v1_1_0,Human,Visium
COLON MAP: Colon Molecular Atlas Project,MISC35,MISC35.tif,Bowel,Cancer,COAD,Homo sapiens,   ,Visium,December 7 2023,CC BY-NC-ND 4.0,https://www.cell.com/cell/fulltext/S0092-8674(23)01222-9?_returnURL=https%3A%2F%2Flinkinghub.elsevier.com%2Fretrieve%2Fpii%2FS0092867423012229%3Fshowall%3Dtrue#secsectitle0020,https://humantumoratlas.org/explore?selectedFilters=%5B%7B%22value%22%3A%22HTAN+Vanderbilt%22%2C%22group%22%3A%22AtlasName%22%2C%22count%22%3A2389%2C%22isSelected%22%3Afalse%7D%2C%7B%22value%22%3A%2210x+Visium%22%2C%22group%22%3A%22assayName%22%2C%22count%22%3A369%2C%22isSelected%22%3Afalse%7D%2C%7B%22value%22%3A%22hdf5%22%2C%22group%22%3A%22FileFormat%22%2C%22count%22%3A41%2C%22isSelected%22%3Afalse%7D%2C%7B%22value%22%3A%22tif%22%2C%22group%22%3A%22FileFormat%22%2C%22count%22%3A41%2C%22isSelected%22%3Afalse%7D%5D&tab=file,100.0,55.0,3578,FFPE,19061,,1.0,0.275728033808569,40x,30735,37362,Colon,Not otherwise specified,8899_AS_6,v1_1_0,Human,Visium
COLON MAP: Colon Molecular Atlas Project,MISC34,MISC34.tif,Bowel,Cancer,COAD,Homo sapiens,   ,Visium,December 7 2023,CC BY-NC-ND 4.0,https://www.cell.com/cell/fulltext/S0092-8674(23)01222-9?_returnURL=https%3A%2F%2Flinkinghub.elsevier.com%2Fretrieve%2Fpii%2FS0092867423012229%3Fshowall%3Dtrue#secsectitle0020,https://humantumoratlas.org/explore?selectedFilters=%5B%7B%22value%22%3A%22HTAN+Vanderbilt%22%2C%22group%22%3A%22AtlasName%22%2C%22count%22%3A2389%2C%22isSelected%22%3Afalse%7D%2C%7B%22value%22%3A%2210x+Visium%22%2C%22group%22%3A%22assayName%22%2C%22count%22%3A369%2C%22isSelected%22%3Afalse%7D%2C%7B%22value%22%3A%22hdf5%22%2C%22group%22%3A%22FileFormat%22%2C%22count%22%3A41%2C%22isSelected%22%3Afalse%7D%2C%7B%22value%22%3A%22tif%22%2C%22group%22%3A%22FileFormat%22%2C%22count%22%3A41%2C%22isSelected%22%3Afalse%7D%5D&tab=file,100.0,55.0,3731,FFPE,19276,,1.0,0.275725957350255,40x,36404,32110,Colon,Not otherwise specified,8899_AS_7,v1_1_0,Human,Visium
COLON MAP: Colon Molecular Atlas Project,MISC33,MISC33.tif,Bowel,Cancer,COAD,Homo sapiens,   ,Visium,December 7 2023,CC BY-NC-ND 4.0,https://www.cell.com/cell/fulltext/S0092-8674(23)01222-9?_returnURL=https%3A%2F%2Flinkinghub.elsevier.com%2Fretrieve%2Fpii%2FS0092867423012229%3Fshowall%3Dtrue#secsectitle0020,https://humantumoratlas.org/explore?selectedFilters=%5B%7B%22value%22%3A%22HTAN+Vanderbilt%22%2C%22group%22%3A%22AtlasName%22%2C%22count%22%3A2389%2C%22isSelected%22%3Afalse%7D%2C%7B%22value%22%3A%2210x+Visium%22%2C%22group%22%3A%22assayName%22%2C%22count%22%3A369%2C%22isSelected%22%3Afalse%7D%2C%7B%22value%22%3A%22hdf5%22%2C%22group%22%3A%22FileFormat%22%2C%22count%22%3A41%2C%22isSelected%22%3Afalse%7D%2C%7B%22value%22%3A%22tif%22%2C%22group%22%3A%22FileFormat%22%2C%22count%22%3A41%2C%22isSelected%22%3Afalse%7D%5D&tab=file,100.0,55.0,3385,FFPE,18729,,1.0,0.275852523999453,40x,31838,37517,Colon,Not otherwise specified,8899_AS_8,v1_1_0,Human,Visium
FFPE Human Ovarian Cancer Data with Human Immuno-Oncology Profiling Panel and Custom Add-on,TENX142,TENX142.tif,Ovary,Cancer,HGSOC,Homo sapiens,,Xenium,5/15/24,Creative Commons Attribution,,https://www.10xgenomics.com/datasets/ffpe-human-ovarian-cancer-data-with-human-immuno-oncology-profiling-panel-and-custom-add-on-1-standard,,,3743,FFPE,541,,0.273769293411857,0.273706493143168,40x,21806,37330,Ovary,Ovary Serous Carcinoma; Stage II-A; Grade 3,,v1_0_0,Human,Xenium
FFPE Human Lung Cancer Data with Human Immuno-Oncology Profiling Panel and Custom Add-on,TENX141,TENX141.tif,Lung,Cancer,LUAD,Homo sapiens,patient 1,Xenium,5/15/24,Creative Commons Attribution,,https://www.10xgenomics.com/datasets/ffpe-human-lung-cancer-data-with-human-immuno-oncology-profiling-panel-and-custom-add-on-1-standard,,,4390,FFPE,541,,0.273771534,0.273643086791955,40x,15513,39361,Lung,Lung NSCLC; Stage I-B; Grade 2,,v1_0_0,Human,Xenium
FFPE Human Pancreatic Ductal Adenocarcinoma Data with Human Immuno-Oncology Profiling Panel,TENX140,TENX140.tif,Pancreas,Cancer,PAAD,Homo sapiens,patient 3,Xenium,5/15/24,Creative Commons Attribution,,https://www.10xgenomics.com/datasets/ffpe-human-ductal-adenocarcinoma-data-with-human-immuno-oncology-profiling-panel-1-standard,,,4513,FFPE,541,,0.273766475334927,0.273767710586973,40x,19068,41014,Pancreas,Pancreatic Ductal Adenocarcinoma; Stage IIB; Grade 3,,v1_0_0,Human,Xenium
FFPE Human Colorectal Cancer Data with Human Immuno-Oncology Profiling Panel and Custom Add-on,TENX139,TENX139.tif,Bowel,Cancer,COADREAD,Homo sapiens,,Xenium,5/15/24,Creative Commons Attribution,,https://www.10xgenomics.com/datasets/ffpe-human-colorectal-cancer-data-with-human-immuno-oncology-profiling-panel-and-custom-add-on-1-standard,,,4167,FFPE,541,,0.273772958497635,0.273740617771419,40x,21507,40815,Bowel,Colorectal Cancer Adenocarcinoma; Grade 2,,v1_0_0,Human,Xenium
FFPE Human Brain Cancer Data with Human Immuno-Oncology Profiling Panel and Custom Add-on,TENX138,TENX138.tif,Brain,Cancer,GBM,Homo sapiens,,Xenium,4/15/24,Creative Commons Attribution,,https://www.10xgenomics.com/datasets/ffpe-human-brain-cancer-data-with-human-immuno-oncology-profiling-panel-and-custom-add-on-1-standard,,,10641,FFPE,541,,0.273775042168885,0.273665343747631,40x,38957,58584,Brain,,,v1_0_0,Human,Xenium
Human Bone and Bone Marrow Data with Custom Add-on Panel,TENX134,TENX134.tif,Lymphoid,Cancer,ALL,Homo sapiens,,Xenium,4/3/24,Creative Commons Attribution,,https://www.10xgenomics.com/datasets/human-bone-and-bone-marrow-data-with-custom-add-on-panel-1-standard,,,3811,FFPE,541,,0.2125,0.273491768395445,40x,11024,37252,Bone marrow,,Acute Lymphoid Leukemia Bone Marrow,v1_0_0,Human,Xenium
"Visium HD Spatial Gene Expression Library, Human Colorectal Cancer (FFPE)",TENX128,TENX128.tif,Bowel,Cancer,COAD,Homo sapiens,,Visium HD,3/25/24,Creative Commons Attribution,,https://www.10xgenomics.com/datasets/visium-hd-cytassist-gene-expression-libraries-of-human-crc,2.0,2.0,2279,FFPE,18085,,0.264583333333333,0.273882832873427,40x,75250,48740,Colon,,,v1_0_0,Human,Visium HD
FFPE Human Pancreas with Xenium Multimodal Cell Segmentation,TENX126,TENX126.tif,Pancreas,Cancer,PAAD,Homo sapiens,patient1,Xenium,3/19/24,Creative Commons Attribution,,https://www.10xgenomics.com/datasets/ffpe-human-pancreas-with-xenium-multimodal-cell-segmentation-1-standard,,,2190,FFPE,541,,0.273765403581536,0.273890164914352,40x,14896,27502,Pancreas,,,v1_0_0,Human,Xenium
Human Liver Data with Xenium Human Multi-Tissue and Cancer Panel,TENX120,TENX120.tif,Liver,Cancer,HCC,Homo sapiens,,Xenium,3/5/24,Creative Commons Attribution,,https://www.10xgenomics.com/datasets/human-liver-data-xenium-human-multi-tissue-and-cancer-panel-1-standard,,,4004,FFPE,538,,0.2125,0.273694413675181,40x,15404,33795,Liver,,liver cancer,v1_0_0,Human,Xenium
Preview Data: FFPE Human Lung Cancer with Xenium Multimodal Cell Segmentation,TENX118,TENX118.tif,Lung,Cancer,LUAD,Homo sapiens,patient 2,Xenium,2/5/24,Creative Commons Attribution,,https://www.10xgenomics.com/datasets/preview-data-ffpe-human-lung-cancer-with-xenium-multimodal-cell-segmentation-1-standard,,,3115,FFPE,541,,0.273771219630798,0.273855837686545,40x,11580,45087,Lung,,,v1_0_0,Human,Xenium
Human Skin Preview Data (Xenium Human Skin Gene Expression Panel with Custom Add-On),TENX117,TENX117.tif,Skin,Cancer,SKCM,Homo sapiens,patient 1,Xenium,12/7/23,Creative Commons Attribution,,https://www.10xgenomics.com/datasets/human-skin-preview-data-xenium-human-skin-gene-expression-panel-add-on-1-standard,,,1830,FFPE,541,,0.136876093614324,0.136852762955121,40x,22209,43287,Skin,,,v1_0_0,Human,Xenium
Pancreatic Cancer with Xenium Human Multi-Tissue and Cancer Panel,TENX116,TENX116.tif,Pancreas,Cancer,PAAD,Homo sapiens,patient 2,Xenium,11/16/23,Creative Commons Attribution,,https://www.10xgenomics.com/datasets/pancreatic-cancer-with-xenium-human-multi-tissue-and-cancer-panel-1-standard,,,3090,FFPE,538,,0.136897837237315,0.136887203675011,40x,20562,71883,Pancreas,,,v1_0_0,Human,Xenium
Human Skin Preview Data (Xenium Human Skin Gene Expression Panel),TENX115,TENX115.tif,Skin,Cancer,SKCM,Homo sapiens,patient 2,Xenium,9/18/23,Creative Commons Attribution,,https://www.10xgenomics.com/datasets/human-skin-preview-data-xenium-human-skin-gene-expression-panel-1-standard,,,3886,FFPE,541,,0.273773460674496,0.273689789025192,40x,20342,22673,Skin,,,v1_0_0,Human,Xenium
Human Colon Preview Data (Xenium Human Colon Gene Expression Panel),TENX111,TENX111.tif,Bowel,Cancer,COAD,Homo sapiens,,Xenium,8/29/23,Creative Commons Attribution,,https://www.10xgenomics.com/datasets/human-colon-preview-data-xenium-human-colon-gene-expression-panel-1-standard,,,6643,FFPE,541,,0.2125,0.273804766687129,40x,26909,43090,Colon,cancer; stage 2A adenocarcinoma,"Cancer, pre-designed + add-on panel",v1_0_0,Human,Xenium
Human Kidney Preview Data (Xenium Human Multi-Tissue and Cancer Panel),TENX105,TENX105.tif,Kidney,Cancer,PRCC,Homo sapiens,,Xenium,7/17/23,Creative Commons Attribution,,https://www.10xgenomics.com/datasets/human-kidney-preview-data-xenium-human-multi-tissue-and-cancer-panel-1-standard,,,1738,FFPE,541,,0.2125,0.273709886751968,40x,8832,27323,Kidney,,Kidney Cancer (PRCC),v1_0_0,Human,Xenium
FFPE Human Breast using the Entire Sample Area,TENX99,TENX99.tif,Breast,Cancer,IDC,Homo sapiens,patient 1,Xenium,1/22/23,Creative Commons Attribution,,https://www.10xgenomics.com/datasets/ffpe-human-breast-using-the-entire-sample-area-1-standard,,,25080,FFPE,541,,1.0,0.2125,40x,51351,107121,Breast,,Replicate 1,v1_0_0,Human,Xenium
FFPE Human Breast using the Entire Sample Area,TENX98,TENX98.tif,Breast,Cancer,IDC,Homo sapiens,patient 1,Xenium,1/22/23,Creative Commons Attribution,,https://www.10xgenomics.com/datasets/ffpe-human-breast-using-the-entire-sample-area-1-standard,,,26070,FFPE,541,,0.2125,0.2125,40x,51458,111225,Breast,,Replicate 2,v1_0_0,Human,Xenium
FFPE Human Breast with Custom Add-on Panel,TENX97,TENX97.tif,Breast,Cancer,IDC,Homo sapiens,patient 2,Xenium,1/22/23,Creative Commons Attribution,,https://www.10xgenomics.com/datasets/ffpe-human-breast-with-custom-add-on-panel-1-standard,,,11845,FFPE,541,,0.2125,0.2125,40x,48441,53833,Breast,,Tissue sample 1,v1_0_0,Human,Xenium
FFPE Human Breast with Custom Add-on Panel,TENX96,TENX96.tif,Breast,Cancer,ILC,Homo sapiens,patient 3,Xenium,1/22/23,Creative Commons Attribution,,https://www.10xgenomics.com/datasets/ffpe-human-breast-with-custom-add-on-panel-1-standard,,,8624,FFPE,541,,0.2125,0.2125,40x,45749,41411,Breast,,Tissue sample 2,v1_0_0,Human,Xenium
FFPE Human Breast with Pre-designed Panel,TENX95,TENX95.tif,Breast,Cancer,IDC,Homo sapiens,patient 2,Xenium,1/22/23,Creative Commons Attribution,,https://www.10xgenomics.com/datasets/ffpe-human-breast-with-pre-designed-panel-1-standard,,,11845,FFPE,541,,1.0,0.2125,40x,48376,53738,Breast,,Tissue sample 1,v1_0_0,Human,Xenium
FFPE Human Breast with Pre-designed Panel,TENX94,TENX94.tif,Breast,Cancer,ILC,Homo sapiens,patient 3,Xenium,1/22/23,Creative Commons Attribution,,https://www.10xgenomics.com/datasets/ffpe-human-breast-with-pre-designed-panel-1-standard,,,9152,FFPE,541,,1.0,0.2125,40x,48511,41405,Breast,,Tissue sample 2,v1_0_0,Human,Xenium
Visium CytAssist Gene Expression Libraries of Post-Xenium Human Colon Cancer (FFPE),TENX92,TENX92.tif,Bowel,Cancer,COAD,Homo sapiens,,Visium,10/5/23,Creative Commons Attribution,,https://www.10xgenomics.com/datasets/visium-cytassist-gene-expression-libraries-of-post-xenium-human-colon-cancer-ffpe-using-the-human-whole-transcriptome-probe-set-2-standard,100.0,55.0,6518,FFPE,18085,,0.264583333333333,0.273596787204623,40x,28731,37434,Colon,,"Post-Xenium, Replicate 1",v1_0_0,Human,Visium
Visium CytAssist Gene Expression Libraries of Post-Xenium Human Colon Cancer (FFPE),TENX91,TENX91.tif,Bowel,Cancer,COAD,Homo sapiens,,Visium,10/5/23,Creative Commons Attribution,,https://www.10xgenomics.com/datasets/visium-cytassist-gene-expression-libraries-of-post-xenium-human-colon-cancer-ffpe-using-the-human-whole-transcriptome-probe-set-2-standard,100.0,55.0,6352,FFPE,18085,,0.264583333333333,0.273680586272605,40x,28004,38719,Colon,,"Post-Xenium, Replicate 2",v1_0_0,Human,Visium
Visium CytAssist Gene Expression Libraries of Post-Xenium Human Colon Cancer (FFPE),TENX90,TENX90.tif,Bowel,Cancer,COAD,Homo sapiens,,Visium,10/5/23,Creative Commons Attribution,,https://www.10xgenomics.com/datasets/visium-cytassist-gene-expression-libraries-of-post-xenium-human-colon-cancer-ffpe-using-the-human-whole-transcriptome-probe-set-2-standard,100.0,55.0,6487,FFPE,18085,,0.264583333333333,0.273561345250433,40x,28731,38161,Colon,,"Control, Replicate 1",v1_0_0,Human,Visium
Visium CytAssist Gene Expression Libraries of Post-Xenium Human Colon Cancer (FFPE),TENX89,TENX89.tif,Bowel,Cancer,COAD,Homo sapiens,,Visium,10/5/23,Creative Commons Attribution,,https://www.10xgenomics.com/datasets/visium-cytassist-gene-expression-libraries-of-post-xenium-human-colon-cancer-ffpe-using-the-human-whole-transcriptome-probe-set-2-standard,100.0,55.0,6414,FFPE,18085,,0.264583333333333,0.273739563563072,40x,28004,39077,Colon,,"Control, Replicate 2",v1_0_0,Human,Visium
"Human Brain Cancer, 11 mm Capture Area (FFPE)",TENX73,TENX73.tif,Brain,Cancer,GBM,Homo sapiens,,Visium,2/14/23,Creative Commons Attribution,,https://www.10xgenomics.com/datasets/human-brain-cancer-11-mm-capture-area-ffpe-2-standard,100.0,55.0,10878,FFPE,18085,,0.264583333333333,0.273762488,40x,60095,51836,Brain,,,v1_0_0,Human,Visium
"Human Lung Cancer, 11 mm Capture Area (FFPE)",TENX72,TENX72.tif,Lung,Cancer,LNET,Homo sapiens,,Visium,2/14/23,Creative Commons Attribution,,https://www.10xgenomics.com/datasets/human-lung-cancer-11-mm-capture-area-ffpe-2-standard,100.0,55.0,6195,FFPE,18085,,0.264583333333333,0.273711234884543,40x,38510,32875,Lung,Neuroendocrine Carcinoma either ALUCA of LUCA,,v1_0_0,Human,Visium
"Human Colorectal Cancer, 11 mm Capture Area (FFPE)",TENX70,TENX70.tif,Bowel,Cancer,COADREAD,Homo sapiens,,Visium,2/14/23,Creative Commons Attribution,,https://www.10xgenomics.com/datasets/human-colorectal-cancer-11-mm-capture-area-ffpe-2-standard,100.0,55.0,9080,FFPE,18085,,0.264583333333333,0.273591411325597,40x,51996,44403,Colorectal,Colon carcinoma,,v1_0_0,Human,Visium
"Fresh Frozen Visium on CytAssist: Human Breast Cancer, Probe-Based Whole Transcriptome Profiling",TENX68,TENX68.tif,Breast,Cancer,IDC,Homo sapiens,,Visium,1/6/23,Creative Commons Attribution,,https://www.10xgenomics.com/datasets/fresh-frozen-visium-on-cytassist-human-breast-cancer-probe-based-whole-transcriptome-profiling-2-standard,100.0,55.0,1657,Fresh Frozen,18085,,0.264583333333333,0.273835376545544,40x,20690,38232,Breast,,,v1_0_0,Human,Visium
"Human Ovarian Cancer, 11 mm Capture Area (FFPE)",TENX65,TENX65.tif,Ovary,Cancer,HGSOC,Homo sapiens,,Visium,7/14/22,Creative Commons Attribution,,https://www.10xgenomics.com/datasets/human-ovarian-cancer-11-mm-capture-area-ffpe-2-standard,100.0,55.0,4674,FFPE,18085,,0.264583333333333,0.273844413593841,40x,30035,41048,Ovary,"Ovarian Serous Carcinoma, High Grade",,v1_0_0,Human,Visium
Human Lung Cancer (FFPE),TENX62,TENX62.tif,Lung,Cancer,LUSC,Homo sapiens,,Visium,7/13/22,Creative Commons Attribution,,https://www.10xgenomics.com/datasets/human-lung-cancer-ffpe-2-standard,100.0,55.0,3858,FFPE,18085,,0.264583333333333,0.27330518698616,40x,35637,29395,Lung,"Lung, Squamous Cell Carcinoma",,v1_0_0,Human,Visium
"Human Breast Cancer: Visium Fresh Frozen, Whole Transcriptome",TENX53,TENX53.tif,Breast,Cancer,IDC,Homo sapiens,,Visium,7/1/22,Creative Commons Attribution,,https://www.10xgenomics.com/datasets/human-breast-cancer-visium-fresh-frozen-whole-transcriptome-1-standard,100.0,55.0,4898,Fresh Frozen,36601,,,0.368152179,40x,41572,27755,Breast,,,v1_0_0,Human,Visium
Human Ovarian Cancer (FFPE),TENX51,TENX51.tif,Ovary,Cancer,SOC,Homo sapiens,,Visium,3/28/22,Creative Commons Attribution,,https://www.10xgenomics.com/datasets/human-ovarian-cancer-1-standard,100.0,55.0,3455,FFPE,17943,,,0.692040486763854,20x,13772,12681,Ovary,Serous papillary carcinoma,,v1_0_0,Human,Visium
Human Cervical Cancer (FFPE),TENX50,TENX50.tif,Cervix,Cancer,CESC,Homo sapiens,,Visium,3/28/22,Creative Commons Attribution,,https://www.10xgenomics.com/datasets/human-cervical-cancer-1-standard,100.0,55.0,2781,FFPE,17943,,,0.692496800027133,20x,13761,12701,Cervix,"Cervical Cancer, Invasive. Squamous cell carcinoma T1bN0M0 IB",,v1_0_0,Human,Visium
Human Intestine Cancer (FPPE),TENX49,TENX49.tif,Bowel,Cancer,COAD,Homo sapiens,,Visium,3/28/22,Creative Commons Attribution,,https://www.10xgenomics.com/datasets/human-intestine-cancer-1-standard,100.0,55.0,2660,FFPE,17943,,,0.692640433035249,20x,13764,12674,Large intestine,Large Intestine Colorectal cancer,,v1_0_0,Human,Visium
"Human Prostate Cancer, Acinar Cell Carcinoma (FFPE)",TENX46,TENX46.tif,Prostate,Cancer,PRAD,Homo sapiens,,Visium,10/8/21,Creative Commons Attribution,,https://www.10xgenomics.com/datasets/human-prostate-cancer-acinar-cell-carcinoma-ffpe-1-standard,100.0,55.0,3043,FFPE,17943,,,0.344470500902188,40x,27472,25188,Prostate,Invasive Acinar Cell Carcinoma Stage IV Gleason score 7,,v1_0_0,Human,Visium
"Human Prostate Cancer, Adenocarcinoma with Invasive Carcinoma (FFPE)",TENX40,TENX40.tif,Prostate,Cancer,PRAD,Homo sapiens,,Visium,6/9/21,Creative Commons Attribution,,https://www.10xgenomics.com/datasets/human-prostate-cancer-adenocarcinoma-with-invasive-carcinoma-ffpe-1-standard-1-3-0,100.0,55.0,4371,FFPE,17943,,,0.344678587557694,40x,27482,25219,Prostate,"Adenocarcinoma, Invasive Carcinoma, Stage III, Total Gleason score: 7",,v1_0_0,Human,Visium
"Human Breast Cancer: Ductal Carcinoma In Situ, Invasive Carcinoma (FFPE)",TENX39,TENX39.tif,Breast,Cancer,IDC,Homo sapiens,,Visium,6/9/21,Creative Commons Attribution,,https://www.10xgenomics.com/datasets/human-breast-cancer-ductal-carcinoma-in-situ-invasive-carcinoma-ffpe-1-standard-1-3-0,100.0,55.0,2518,FFPE,17943,,0.344827586206897,0.344827586206897,40x,27452,25233,Breast,"Ductal Carcinoma In Situ, Invasive Carcinoma, grade II",,v1_0_0,Human,Visium
Human Glioblastoma: Whole Transcriptome Analysis,TENX31,TENX31.tif,Brain,Cancer,GBM,Homo sapiens,,Visium,10/27/20,Creative Commons Attribution,,https://www.10xgenomics.com/datasets/human-glioblastoma-whole-transcriptome-analysis-1-standard-1-2-0,100.0,55.0,3468,Fresh Frozen,36601,,,0.725806215593751,20x,13332,13332,Brain,,,v1_0_0,Human,Visium
"Human Glioblastoma: Targeted, Pan-Cancer Panel",TENX30,TENX30.tif,Brain,Cancer,GBM,Homo sapiens,,Visium,10/27/20,Creative Commons Attribution,,https://www.10xgenomics.com/datasets/human-glioblastoma-targeted-pan-cancer-panel-1-standard-1-2-0,100.0,55.0,3468,Fresh Frozen,1253,,,0.725806215593751,20x,13332,13332,Brain,,,v1_0_0,Human,Visium
Human Colorectal Cancer: Whole Transcriptome Analysis,TENX29,TENX29.tif,Bowel,Cancer,COAD,Homo sapiens,,Visium,10/27/20,Creative Commons Attribution,,https://www.10xgenomics.com/datasets/human-colorectal-cancer-whole-transcriptome-analysis-1-standard-1-2-0,100.0,55.0,3138,Fresh Frozen,36601,,,0.725689129775134,20x,13332,13332,Large intestine,Invasive Adenocarcinoma of the large intestine Stage Group IIB,,v1_0_0,Human,Visium
"Human Colorectal Cancer: Targeted, Gene Signature Panel",TENX28,TENX28.tif,Bowel,Cancer,COAD,Homo sapiens,,Visium,10/27/20,Creative Commons Attribution,,https://www.10xgenomics.com/datasets/human-colorectal-cancer-targeted-gene-signature-panel-1-standard-1-2-0,100.0,55.0,3138,Fresh Frozen,1142,,,0.725689129775134,20x,13332,13332,Colon,Invasive Adenocarcinoma of the large intestine Stage Group IIB,,v1_0_0,Human,Visium
Human Breast Cancer: Whole Transcriptome Analysis,TENX24,TENX24.tif,Breast,Cancer,ILC,Homo sapiens,,Visium,10/27/20,Creative Commons Attribution,,https://www.10xgenomics.com/datasets/human-breast-cancer-whole-transcriptome-analysis-1-standard-1-2-0,100.0,55.0,4325,Fresh Frozen,32285,,,0.366199222,40x,24240,24240,Breast,"Invasive Lobular Carcinoma, AJCC/UICC Stage Group I, ER positive, PR positive, HER2 negative",,v1_0_0,Human,Visium
"Human Breast Cancer: Targeted, Immunology Panel",TENX23,TENX23.tif,Breast,Cancer,ILC,Homo sapiens,,Visium,10/27/20,Creative Commons Attribution,,https://www.10xgenomics.com/datasets/human-breast-cancer-targeted-immunology-panel-1-standard-1-2-0,100.0,55.0,4325,Fresh Frozen,1056,,,0.366199221884105,40x,24240,24240,Breast,"Invasive Lobular Carcinoma, AJCC/UICC Stage Group I, ER positive, PR positive, HER2 negative",,v1_0_0,Human,Visium
Human Breast Cancer (Block A Section 2),TENX14,TENX14.tif,Breast,Cancer,IDC,Homo sapiens,,Visium,6/23/20,Creative Commons Attribution,,https://www.10xgenomics.com/datasets/human-breast-cancer-block-a-section-2-1-standard-1-1-0,100.0,55.0,4015,Fresh Frozen,33538,,,0.366324490444934,40x,24240,24240,Breast,"AJCC/UICC Stage Group IIA, ER positive, PR negative, Her2 positive",,v1_0_0,Human,Visium
Human Breast Cancer (Block A Section 1),TENX13,TENX13.tif,Breast,Cancer,IDC,Homo sapiens,,Visium,6/23/20,Creative Commons Attribution,,https://www.10xgenomics.com/datasets/human-breast-cancer-block-a-section-1-1-standard-1-1-0,100.0,55.0,3813,Fresh Frozen,33538,,,0.366165626,40x,24240,24240,Breast,"AJCC/UICC Stage Group IIA, ER positive, PR negative, Her2 positive",,v1_0_0,Human,Visium
Demo 10x Visium dataset for STQ,ZEN65,ZEN65.tif,Skin,Cancer,MEL,Mus musculus,,Visium,31-May-24,Creative Commons Attribution 4.0 International,https://www.biorxiv.org/content/10.1101/2023.07.27.550727v1,https://zenodo.org/records/10654467,100.0,55.0,932,Flash Frozen,68886,,0.220818796095924,0.220750014010728,40x,35392,36416,Skin,BRAF V600E mutant,Demo,v1_0_0,Animal,Visium
Charting the Heterogeneity of Colorectal Cancer Consensus Molecular Subtypes using Spatial Transcriptomics: datasets,ZEN49,ZEN49.tif,Bowel,Cancer,READ,Homo sapiens,Patient 1,Visium,19-Jan-23,Creative Commons Attribution 4.0 International,https://www.biorxiv.org/content/10.1101/2023.01.23.525135v2,https://zenodo.org/records/7760264,100.0,55.0,2203,Fresh Frozen,36601,,0.459801825413247,0.45963616456914,40x,17168,16832,Rectum,,A121573_Rep1,v1_0_0,Human,Visium
Charting the Heterogeneity of Colorectal Cancer Consensus Molecular Subtypes using Spatial Transcriptomics: datasets,ZEN48,ZEN48.tif,Bowel,Cancer,READ,Homo sapiens,Patient 1,Visium,19-Jan-23,Creative Commons Attribution 4.0 International,https://www.biorxiv.org/content/10.1101/2023.01.23.525135v2,https://zenodo.org/records/7760264,100.0,55.0,2385,Fresh Frozen,36601,,0.459801825413247,0.459129673286413,40x,17168,16832,Rectum,,A121573_Rep2,v1_0_0,Human,Visium
Charting the Heterogeneity of Colorectal Cancer Consensus Molecular Subtypes using Spatial Transcriptomics: datasets,ZEN47,ZEN47.tif,Bowel,Cancer,COAD,Homo sapiens,Patient 2,Visium,19-Jan-23,Creative Commons Attribution 4.0 International,https://www.biorxiv.org/content/10.1101/2023.01.23.525135v2,https://zenodo.org/records/7760264,100.0,55.0,2317,Fresh Frozen,36601,,0.459801825413247,0.459583707663737,40x,17168,16832,Colon (right),,A416371_Rep1,v1_0_0,Human,Visium
Charting the Heterogeneity of Colorectal Cancer Consensus Molecular Subtypes using Spatial Transcriptomics: datasets,ZEN46,ZEN46.tif,Bowel,Cancer,COAD,Homo sapiens,Patient 2,Visium,19-Jan-23,Creative Commons Attribution 4.0 International,https://www.biorxiv.org/content/10.1101/2023.01.23.525135v2,https://zenodo.org/records/7760264,100.0,55.0,1803,Fresh Frozen,36601,,0.459801825413247,0.458998105753323,40x,17168,16832,Colon (right),,A416371_Rep2,v1_0_0,Human,Visium
Charting the Heterogeneity of Colorectal Cancer Consensus Molecular Subtypes using Spatial Transcriptomics: datasets,ZEN45,ZEN45.tif,Bowel,Cancer,COAD,Homo sapiens,Patient 3,Visium,19-Jan-23,Creative Commons Attribution 4.0 International,https://www.biorxiv.org/content/10.1101/2023.01.23.525135v2,https://zenodo.org/records/7760264,100.0,55.0,328,Fresh Frozen,36601,,0.460320382986559,0.460088933722722,40x,17215,17009,Colon (Sigma),,A120838_Rep1,v1_0_0,Human,Visium
Charting the Heterogeneity of Colorectal Cancer Consensus Molecular Subtypes using Spatial Transcriptomics: datasets,ZEN44,ZEN44.tif,Bowel,Cancer,COAD,Homo sapiens,Patient 3,Visium,19-Jan-23,Creative Commons Attribution 4.0 International,https://www.biorxiv.org/content/10.1101/2023.01.23.525135v2,https://zenodo.org/records/7760264,100.0,55.0,1048,Fresh Frozen,36601,,0.460320382986559,0.45854412257508,40x,17215,17009,Colon (Sigma),,A120838_Rep2,v1_0_0,Human,Visium
Charting the Heterogeneity of Colorectal Cancer Consensus Molecular Subtypes using Spatial Transcriptomics: datasets,ZEN43,ZEN43.tif,Bowel,Cancer,COAD,Homo sapiens,Patient 4,Visium,19-Jan-23,Creative Commons Attribution 4.0 International,https://www.biorxiv.org/content/10.1101/2023.01.23.525135v2,https://zenodo.org/records/7760264,100.0,55.0,691,Fresh Frozen,36601,,0.459801825413247,0.45971056539477,40x,16878,16778,Cecum,"Adenocarcinoma, mucinous, moderately differentiated",A551763_Rep1,v1_0_0,Human,Visium
Charting the Heterogeneity of Colorectal Cancer Consensus Molecular Subtypes using Spatial Transcriptomics: datasets,ZEN42,ZEN42.tif,Bowel,Cancer,COAD,Homo sapiens,Patient 5,Visium,19-Jan-23,Creative Commons Attribution 4.0 International,https://www.biorxiv.org/content/10.1101/2023.01.23.525135v2,https://zenodo.org/records/7760264,100.0,55.0,1192,Fresh Frozen,36601,,0.459801825413247,0.458706764109371,40x,16878,16778,Colon (right),,A595688_Rep1,v1_0_0,Human,Visium
Charting the Heterogeneity of Colorectal Cancer Consensus Molecular Subtypes using Spatial Transcriptomics: datasets,ZEN40,ZEN40.tif,Bowel,Cancer,READ,Homo sapiens,Patient 7,Visium,19-Jan-23,Creative Commons Attribution 4.0 International,https://www.biorxiv.org/content/10.1101/2023.01.23.525135v2,https://zenodo.org/records/7760264,100.0,55.0,2128,Fresh Frozen,36601,,0.459801825413247,0.459840183346583,40x,16879,16655,Rectum,,A938797_Rep1,v1_0_0,Human,Visium
Charting the Heterogeneity of Colorectal Cancer Consensus Molecular Subtypes using Spatial Transcriptomics: datasets,ZEN39,ZEN39.tif,Bowel,Cancer,COAD,Homo sapiens,Patient 4,Visium,19-Jan-23,Creative Commons Attribution 4.0 International,https://www.biorxiv.org/content/10.1101/2023.01.23.525135v2,https://zenodo.org/records/7760264,100.0,55.0,1219,Fresh Frozen,36601,,0.459801825413247,0.459520492255337,40x,16954,16804,Cecum,"Adenocarcinoma, mucinous, moderately differentiated",A551763_Rep2,v1_0_0,Human,Visium
Charting the Heterogeneity of Colorectal Cancer Consensus Molecular Subtypes using Spatial Transcriptomics: datasets,ZEN38,ZEN38.tif,Bowel,Cancer,COAD,Homo sapiens,Patient 5,Visium,19-Jan-23,Creative Commons Attribution 4.0 International,https://www.biorxiv.org/content/10.1101/2023.01.23.525135v2,https://zenodo.org/records/7760264,100.0,55.0,387,Fresh Frozen,36601,,0.459801825413247,0.459675431386843,40x,16954,16804,Colon (right),,A595688_Rep2,v1_0_0,Human,Visium
Charting the Heterogeneity of Colorectal Cancer Consensus Molecular Subtypes using Spatial Transcriptomics: datasets,ZEN36,ZEN36.tif,Bowel,Cancer,READ,Homo sapiens,Patient 7,Visium,19-Jan-23,Creative Commons Attribution 4.0 International,https://www.biorxiv.org/content/10.1101/2023.01.23.525135v2,https://zenodo.org/records/7760264,100.0,55.0,1691,Fresh Frozen,36601,,0.459801825413247,0.459363338,40x,16954,16804,Rectum,,A938797_Rep2,v1_0_0,Human,Visium
Spatial deconvolution of HER2-positive breast cancer delineates tumor-associated cell type interactions,SPA154,SPA154.tif,Breast,Cancer,IDC,Homo sapiens,Patient A,Spatial Transcriptomics,16-Sep-21,Creative Commons Attribution 4.0 International,https://pubmed.ncbi.nlm.nih.gov/34650042/,https://zenodo.org/records/4751624,200.0,100.0,346,Fresh Frozen,15045,,,0.920606595988221,20x,6954,7435,Breast,HER2-positive breast cancer,A1,v1_0_0,Human,Spatial Transcriptomics
Spatial deconvolution of HER2-positive breast cancer delineates tumor-associated cell type interactions,SPA153,SPA153.tif,Breast,Cancer,IDC,Homo sapiens,Patient A,Spatial Transcriptomics,16-Sep-21,Creative Commons Attribution 4.0 International,https://pubmed.ncbi.nlm.nih.gov/34650042/,https://zenodo.org/records/4751624,200.0,100.0,325,Fresh Frozen,15526,,,0.941117942412675,20x,6966,7441,Breast,HER2-positive breast cancer,A2,v1_0_0,Human,Spatial Transcriptomics
Spatial deconvolution of HER2-positive breast cancer delineates tumor-associated cell type interactions,SPA152,SPA152.tif,Breast,Cancer,IDC,Homo sapiens,Patient A,Spatial Transcriptomics,16-Sep-21,Creative Commons Attribution 4.0 International,https://pubmed.ncbi.nlm.nih.gov/34650042/,https://zenodo.org/records/4751624,200.0,100.0,359,Fresh Frozen,15517,,,0.920960645677136,20x,6935,7437,Breast,HER2-positive breast cancer,A3,v1_0_0,Human,Spatial Transcriptomics
Spatial deconvolution of HER2-positive breast cancer delineates tumor-associated cell type interactions,SPA151,SPA151.tif,Breast,Cancer,IDC,Homo sapiens,Patient A,Spatial Transcriptomics,16-Sep-21,Creative Commons Attribution 4.0 International,https://pubmed.ncbi.nlm.nih.gov/34650042/,https://zenodo.org/records/4751624,200.0,100.0,343,Fresh Frozen,15583,,,0.920606653542675,20x,6975,7424,Breast,HER2-positive breast cancer,A4,v1_0_0,Human,Spatial Transcriptomics
Spatial deconvolution of HER2-positive breast cancer delineates tumor-associated cell type interactions,SPA150,SPA150.tif,Breast,Cancer,IDC,Homo sapiens,Patient A,Spatial Transcriptomics,16-Sep-21,Creative Commons Attribution 4.0 International,https://pubmed.ncbi.nlm.nih.gov/34650042/,https://zenodo.org/records/4751624,200.0,100.0,332,Fresh Frozen,15638,,,0.946333049488977,20x,6966,7419,Breast,HER2-positive breast cancer,A5,v1_0_0,Human,Spatial Transcriptomics
Spatial deconvolution of HER2-positive breast cancer delineates tumor-associated cell type interactions,SPA149,SPA149.tif,Breast,Cancer,IDC,Homo sapiens,Patient A,Spatial Transcriptomics,16-Sep-21,Creative Commons Attribution 4.0 International,https://pubmed.ncbi.nlm.nih.gov/34650042/,https://zenodo.org/records/4751624,200.0,100.0,360,Fresh Frozen,15645,,,0.922716506145695,20x,6980,7404,Breast,HER2-positive breast cancer,A6,v1_0_0,Human,Spatial Transcriptomics
Spatial deconvolution of HER2-positive breast cancer delineates tumor-associated cell type interactions,SPA148,SPA148.tif,Breast,Cancer,IDC,Homo sapiens,Patient B,Spatial Transcriptomics,16-Sep-21,Creative Commons Attribution 4.0 International,https://pubmed.ncbi.nlm.nih.gov/34650042/,https://zenodo.org/records/4751624,200.0,100.0,295,Fresh Frozen,15109,,,0.693665796677924,20x,9260,9912,Breast,HER2-positive breast cancer,B1,v1_0_0,Human,Spatial Transcriptomics
Spatial deconvolution of HER2-positive breast cancer delineates tumor-associated cell type interactions,SPA147,SPA147.tif,Breast,Cancer,IDC,Homo sapiens,Patient B,Spatial Transcriptomics,16-Sep-21,Creative Commons Attribution 4.0 International,https://pubmed.ncbi.nlm.nih.gov/34650042/,https://zenodo.org/records/4751624,200.0,100.0,270,Fresh Frozen,15290,,,0.692618426939144,20x,9282,9897,Breast,HER2-positive breast cancer,B2,v1_0_0,Human,Spatial Transcriptomics
Spatial deconvolution of HER2-positive breast cancer delineates tumor-associated cell type interactions,SPA146,SPA146.tif,Breast,Cancer,IDC,Homo sapiens,Patient B,Spatial Transcriptomics,16-Sep-21,Creative Commons Attribution 4.0 International,https://pubmed.ncbi.nlm.nih.gov/34650042/,https://zenodo.org/records/4751624,200.0,100.0,298,Fresh Frozen,15215,,,0.695970856036192,20x,9259,9912,Breast,HER2-positive breast cancer,B3,v1_0_0,Human,Spatial Transcriptomics
Spatial deconvolution of HER2-positive breast cancer delineates tumor-associated cell type interactions,SPA145,SPA145.tif,Breast,Cancer,IDC,Homo sapiens,Patient B,Spatial Transcriptomics,16-Sep-21,Creative Commons Attribution 4.0 International,https://pubmed.ncbi.nlm.nih.gov/34650042/,https://zenodo.org/records/4751624,200.0,100.0,283,Fresh Frozen,15289,,,0.688882897773067,20x,9272,9923,Breast,HER2-positive breast cancer,B4,v1_0_0,Human,Spatial Transcriptomics
Spatial deconvolution of HER2-positive breast cancer delineates tumor-associated cell type interactions,SPA144,SPA144.tif,Breast,Cancer,IDC,Homo sapiens,Patient B,Spatial Transcriptomics,16-Sep-21,Creative Commons Attribution 4.0 International,https://pubmed.ncbi.nlm.nih.gov/34650042/,https://zenodo.org/records/4751624,200.0,100.0,289,Fresh Frozen,15273,,,0.670576119660586,20x,9284,9906,Breast,HER2-positive breast cancer,B5,v1_0_0,Human,Spatial Transcriptomics
Spatial deconvolution of HER2-positive breast cancer delineates tumor-associated cell type interactions,SPA143,SPA143.tif,Breast,Cancer,IDC,Homo sapiens,Patient B,Spatial Transcriptomics,16-Sep-21,Creative Commons Attribution 4.0 International,https://pubmed.ncbi.nlm.nih.gov/34650042/,https://zenodo.org/records/4751624,200.0,100.0,277,Fresh Frozen,15387,,,0.690422199907957,20x,9271,9931,Breast,HER2-positive breast cancer,B6,v1_0_0,Human,Spatial Transcriptomics
Spatial deconvolution of HER2-positive breast cancer delineates tumor-associated cell type interactions,SPA142,SPA142.tif,Breast,Cancer,IDC,Homo sapiens,Patient C,Spatial Transcriptomics,16-Sep-21,Creative Commons Attribution 4.0 International,https://pubmed.ncbi.nlm.nih.gov/34650042/,https://zenodo.org/records/4751624,200.0,100.0,176,Fresh Frozen,15557,,,0.662117500115195,20x,9252,9932,Breast,HER2-positive breast cancer,C1,v1_0_0,Human,Spatial Transcriptomics
Spatial deconvolution of HER2-positive breast cancer delineates tumor-associated cell type interactions,SPA141,SPA141.tif,Breast,Cancer,IDC,Homo sapiens,Patient C,Spatial Transcriptomics,16-Sep-21,Creative Commons Attribution 4.0 International,https://pubmed.ncbi.nlm.nih.gov/34650042/,https://zenodo.org/records/4751624,200.0,100.0,187,Fresh Frozen,15706,,,0.696106425218322,20x,9274,9911,Breast,HER2-positive breast cancer,C2,v1_0_0,Human,Spatial Transcriptomics
Spatial deconvolution of HER2-positive breast cancer delineates tumor-associated cell type interactions,SPA140,SPA140.tif,Breast,Cancer,IDC,Homo sapiens,Patient C,Spatial Transcriptomics,16-Sep-21,Creative Commons Attribution 4.0 International,https://pubmed.ncbi.nlm.nih.gov/34650042/,https://zenodo.org/records/4751624,200.0,100.0,180,Fresh Frozen,15821,,,0.669053421247961,20x,9270,9936,Breast,HER2-positive breast cancer,C3,v1_0_0,Human,Spatial Transcriptomics
Spatial deconvolution of HER2-positive breast cancer delineates tumor-associated cell type interactions,SPA139,SPA139.tif,Breast,Cancer,IDC,Homo sapiens,Patient C,Spatial Transcriptomics,16-Sep-21,Creative Commons Attribution 4.0 International,https://pubmed.ncbi.nlm.nih.gov/34650042/,https://zenodo.org/records/4751624,200.0,100.0,184,Fresh Frozen,15842,,,0.690057885777031,20x,9278,9916,Breast,HER2-positive breast cancer,C4,v1_0_0,Human,Spatial Transcriptomics
Spatial deconvolution of HER2-positive breast cancer delineates tumor-associated cell type interactions,SPA138,SPA138.tif,Breast,Cancer,IDC,Homo sapiens,Patient C,Spatial Transcriptomics,16-Sep-21,Creative Commons Attribution 4.0 International,https://pubmed.ncbi.nlm.nih.gov/34650042/,https://zenodo.org/records/4751624,200.0,100.0,181,Fresh Frozen,15721,,,0.690716991359227,20x,9272,9901,Breast,HER2-positive breast cancer,C5,v1_0_0,Human,Spatial Transcriptomics
Spatial deconvolution of HER2-positive breast cancer delineates tumor-associated cell type interactions,SPA137,SPA137.tif,Breast,Cancer,IDC,Homo sapiens,Patient C,Spatial Transcriptomics,16-Sep-21,Creative Commons Attribution 4.0 International,https://pubmed.ncbi.nlm.nih.gov/34650042/,https://zenodo.org/records/4751624,200.0,100.0,178,Fresh Frozen,15772,,,0.698230658866339,20x,9288,9907,Breast,HER2-positive breast cancer,C6,v1_0_0,Human,Spatial Transcriptomics
Spatial deconvolution of HER2-positive breast cancer delineates tumor-associated cell type interactions,SPA136,SPA136.tif,Breast,Cancer,IDC,Homo sapiens,Patient D,Spatial Transcriptomics,16-Sep-21,Creative Commons Attribution 4.0 International,https://pubmed.ncbi.nlm.nih.gov/34650042/,https://zenodo.org/records/4751624,200.0,100.0,306,Fresh Frozen,15661,,,0.688071935271225,20x,9275,9885,Breast,HER2-positive breast cancer,D1,v1_0_0,Human,Spatial Transcriptomics
Spatial deconvolution of HER2-positive breast cancer delineates tumor-associated cell type interactions,SPA135,SPA135.tif,Breast,Cancer,IDC,Homo sapiens,Patient D,Spatial Transcriptomics,16-Sep-21,Creative Commons Attribution 4.0 International,https://pubmed.ncbi.nlm.nih.gov/34650042/,https://zenodo.org/records/4751624,200.0,100.0,303,Fresh Frozen,15396,,,0.689577354,20x,9277,9892,Breast,HER2-positive breast cancer,D2,v1_0_0,Human,Spatial Transcriptomics
Spatial deconvolution of HER2-positive breast cancer delineates tumor-associated cell type interactions,SPA134,SPA134.tif,Breast,Cancer,IDC,Homo sapiens,Patient D,Spatial Transcriptomics,16-Sep-21,Creative Commons Attribution 4.0 International,https://pubmed.ncbi.nlm.nih.gov/34650042/,https://zenodo.org/records/4751624,200.0,100.0,301,Fresh Frozen,15529,,,0.688174310633062,20x,9297,9918,Breast,HER2-positive breast cancer,D3,v1_0_0,Human,Spatial Transcriptomics
Spatial deconvolution of HER2-positive breast cancer delineates tumor-associated cell type interactions,SPA133,SPA133.tif,Breast,Cancer,IDC,Homo sapiens,Patient D,Spatial Transcriptomics,16-Sep-21,Creative Commons Attribution 4.0 International,https://pubmed.ncbi.nlm.nih.gov/34650042/,https://zenodo.org/records/4751624,200.0,100.0,302,Fresh Frozen,15503,,,0.683300560304168,20x,9307,9881,Breast,HER2-positive breast cancer,D4,v1_0_0,Human,Spatial Transcriptomics
Spatial deconvolution of HER2-positive breast cancer delineates tumor-associated cell type interactions,SPA132,SPA132.tif,Breast,Cancer,IDC,Homo sapiens,Patient D,Spatial Transcriptomics,16-Sep-21,Creative Commons Attribution 4.0 International,https://pubmed.ncbi.nlm.nih.gov/34650042/,https://zenodo.org/records/4751624,200.0,100.0,306,Fresh Frozen,15666,,,0.682442431450885,20x,9272,9900,Breast,HER2-positive breast cancer,D5,v1_0_0,Human,Spatial Transcriptomics
Spatial deconvolution of HER2-positive breast cancer delineates tumor-associated cell type interactions,SPA131,SPA131.tif,Breast,Cancer,IDC,Homo sapiens,Patient D,Spatial Transcriptomics,16-Sep-21,Creative Commons Attribution 4.0 International,https://pubmed.ncbi.nlm.nih.gov/34650042/,https://zenodo.org/records/4751624,200.0,100.0,315,Fresh Frozen,15409,,,0.694019413517546,20x,9286,9885,Breast,HER2-positive breast cancer,D6,v1_0_0,Human,Spatial Transcriptomics
Spatial deconvolution of HER2-positive breast cancer delineates tumor-associated cell type interactions,SPA130,SPA130.tif,Breast,Cancer,IDC,Homo sapiens,Patient E,Spatial Transcriptomics,16-Sep-21,Creative Commons Attribution 4.0 International,https://pubmed.ncbi.nlm.nih.gov/34650042/,https://zenodo.org/records/4751624,200.0,100.0,587,Fresh Frozen,15701,,,0.685116765086902,20x,9322,9922,Breast,HER2-positive breast cancer,E1,v1_0_0,Human,Spatial Transcriptomics
Spatial deconvolution of HER2-positive breast cancer delineates tumor-associated cell type interactions,SPA129,SPA129.tif,Breast,Cancer,IDC,Homo sapiens,Patient E,Spatial Transcriptomics,16-Sep-21,Creative Commons Attribution 4.0 International,https://pubmed.ncbi.nlm.nih.gov/34650042/,https://zenodo.org/records/4751624,200.0,100.0,572,Fresh Frozen,15167,,,0.688464297816992,20x,9308,9862,Breast,HER2-positive breast cancer,E2,v1_0_0,Human,Spatial Transcriptomics
Spatial deconvolution of HER2-positive breast cancer delineates tumor-associated cell type interactions,SPA128,SPA128.tif,Breast,Cancer,IDC,Homo sapiens,Patient E,Spatial Transcriptomics,16-Sep-21,Creative Commons Attribution 4.0 International,https://pubmed.ncbi.nlm.nih.gov/34650042/,https://zenodo.org/records/4751624,200.0,100.0,570,Fresh Frozen,15097,,,0.684280522416959,20x,9344,9907,Breast,HER2-positive breast cancer,E3,v1_0_0,Human,Spatial Transcriptomics
Spatial deconvolution of HER2-positive breast cancer delineates tumor-associated cell type interactions,SPA127,SPA127.tif,Breast,Cancer,IDC,Homo sapiens,Patient F,Spatial Transcriptomics,16-Sep-21,Creative Commons Attribution 4.0 International,https://pubmed.ncbi.nlm.nih.gov/34650042/,https://zenodo.org/records/4751624,200.0,100.0,691,Fresh Frozen,14861,,,0.702143597467012,20x,9307,9855,Breast,HER2-positive breast cancer,F1,v1_0_0,Human,Spatial Transcriptomics
Spatial deconvolution of HER2-positive breast cancer delineates tumor-associated cell type interactions,SPA126,SPA126.tif,Breast,Cancer,IDC,Homo sapiens,Patient F,Spatial Transcriptomics,16-Sep-21,Creative Commons Attribution 4.0 International,https://pubmed.ncbi.nlm.nih.gov/34650042/,https://zenodo.org/records/4751624,200.0,100.0,695,Fresh Frozen,15041,,,0.697062495111289,20x,9322,9906,Breast,HER2-positive breast cancer,F2,v1_0_0,Human,Spatial Transcriptomics
Spatial deconvolution of HER2-positive breast cancer delineates tumor-associated cell type interactions,SPA125,SPA125.tif,Breast,Cancer,IDC,Homo sapiens,Patient F,Spatial Transcriptomics,16-Sep-21,Creative Commons Attribution 4.0 International,https://pubmed.ncbi.nlm.nih.gov/34650042/,https://zenodo.org/records/4751624,200.0,100.0,712,Fresh Frozen,15067,,,0.689299315764575,20x,9328,9900,Breast,HER2-positive breast cancer,F3,v1_0_0,Human,Spatial Transcriptomics
Spatial deconvolution of HER2-positive breast cancer delineates tumor-associated cell type interactions,SPA124,SPA124.tif,Breast,Cancer,IDC,Homo sapiens,Patient G,Spatial Transcriptomics,16-Sep-21,Creative Commons Attribution 4.0 International,https://pubmed.ncbi.nlm.nih.gov/34650042/,https://zenodo.org/records/4751624,200.0,100.0,441,Fresh Frozen,14992,,,0.683166969694109,20x,9310,9910,Breast,HER2-positive breast cancer,G1,v1_0_0,Human,Spatial Transcriptomics
Spatial deconvolution of HER2-positive breast cancer delineates tumor-associated cell type interactions,SPA123,SPA123.tif,Breast,Cancer,IDC,Homo sapiens,Patient G,Spatial Transcriptomics,16-Sep-21,Creative Commons Attribution 4.0 International,https://pubmed.ncbi.nlm.nih.gov/34650042/,https://zenodo.org/records/4751624,200.0,100.0,467,Fresh Frozen,15258,,,0.684483145293895,20x,9326,9863,Breast,HER2-positive breast cancer,G2,v1_0_0,Human,Spatial Transcriptomics
Spatial deconvolution of HER2-positive breast cancer delineates tumor-associated cell type interactions,SPA122,SPA122.tif,Breast,Cancer,IDC,Homo sapiens,Patient G,Spatial Transcriptomics,16-Sep-21,Creative Commons Attribution 4.0 International,https://pubmed.ncbi.nlm.nih.gov/34650042/,https://zenodo.org/records/4751624,200.0,100.0,463,Fresh Frozen,15035,,,0.687864353149559,20x,9309,9861,Breast,HER2-positive breast cancer,G3,v1_0_0,Human,Spatial Transcriptomics
Spatial deconvolution of HER2-positive breast cancer delineates tumor-associated cell type interactions,SPA121,SPA121.tif,Breast,Cancer,IDC,Homo sapiens,Patient H,Spatial Transcriptomics,16-Sep-21,Creative Commons Attribution 4.0 International,https://pubmed.ncbi.nlm.nih.gov/34650042/,https://zenodo.org/records/4751624,200.0,100.0,613,Fresh Frozen,15029,,,0.683556925874561,20x,9301,9869,Breast,HER2-positive breast cancer,H1,v1_0_0,Human,Spatial Transcriptomics
Spatial deconvolution of HER2-positive breast cancer delineates tumor-associated cell type interactions,SPA120,SPA120.tif,Breast,Cancer,IDC,Homo sapiens,Patient H,Spatial Transcriptomics,16-Sep-21,Creative Commons Attribution 4.0 International,https://pubmed.ncbi.nlm.nih.gov/34650042/,https://zenodo.org/records/4751624,200.0,100.0,603,Fresh Frozen,14907,,,0.688515093426347,20x,9314,9873,Breast,HER2-positive breast cancer,H2,v1_0_0,Human,Spatial Transcriptomics
Spatial deconvolution of HER2-positive breast cancer delineates tumor-associated cell type interactions,SPA119,SPA119.tif,Breast,Cancer,IDC,Homo sapiens,Patient H,Spatial Transcriptomics,16-Sep-21,Creative Commons Attribution 4.0 International,https://pubmed.ncbi.nlm.nih.gov/34650042/,https://zenodo.org/records/4751624,200.0,100.0,510,Fresh Frozen,14873,,,0.68723946399305,20x,9319,9889,Breast,HER2-positive breast cancer,H3,v1_0_0,Human,Spatial Transcriptomics
Integrating spatial gene expression and breast tumour morphology via deep learning,SPA118,SPA118.tif,Breast,Cancer,IDC,Homo sapiens,BC23287,Spatial Transcriptomics,30-Nov-21,CC BY 4.0,https://www.science.org/doi/10.1126/science.aaf2403,https://data.mendeley.com/datasets/29ntw7sh4r/5,200.0,100.0,256,,16744,,,0.686009373752267,20x,9311,9856,Breast,HER2_luminal,BC23287_C1,v1_0_0,Human,Spatial Transcriptomics
Integrating spatial gene expression and breast tumour morphology via deep learning,SPA117,SPA117.tif,Breast,Cancer,IDC,Homo sapiens,BC23287,Spatial Transcriptomics,30-Nov-21,CC BY 4.0,https://www.science.org/doi/10.1126/science.aaf2403,https://data.mendeley.com/datasets/29ntw7sh4r/5,200.0,100.0,334,,16773,,,0.686201554413802,20x,9315,9875,Breast,HER2_luminal,BC23287_C2,v1_0_0,Human,Spatial Transcriptomics
Integrating spatial gene expression and breast tumour morphology via deep learning,SPA116,SPA116.tif,Breast,Cancer,IDC,Homo sapiens,BC23287,Spatial Transcriptomics,30-Nov-21,CC BY 4.0,https://www.science.org/doi/10.1126/science.aaf2403,https://data.mendeley.com/datasets/29ntw7sh4r/5,200.0,100.0,357,,16826,,,0.68666981117759,20x,9297,9855,Breast,HER2_luminal,BC23287_D1,v1_0_0,Human,Spatial Transcriptomics
Integrating spatial gene expression and breast tumour morphology via deep learning,SPA115,SPA115.tif,Breast,Cancer,IDC,Homo sapiens,BC23450,Spatial Transcriptomics,30-Nov-21,CC BY 4.0,https://www.science.org/doi/10.1126/science.aaf2403,https://data.mendeley.com/datasets/29ntw7sh4r/5,200.0,100.0,316,,19391,,,0.686381689475806,20x,9318,9863,Breast,HER2_luminal,BC23450_D2,v1_0_0,Human,Spatial Transcriptomics
Integrating spatial gene expression and breast tumour morphology via deep learning,SPA114,SPA114.tif,Breast,Cancer,IDC,Homo sapiens,BC23450,Spatial Transcriptomics,30-Nov-21,CC BY 4.0,https://www.science.org/doi/10.1126/science.aaf2403,https://data.mendeley.com/datasets/29ntw7sh4r/5,200.0,100.0,301,,18702,,,0.683382968,20x,9283,9856,Breast,HER2_luminal,BC23450_E1,v1_0_0,Human,Spatial Transcriptomics
Integrating spatial gene expression and breast tumour morphology via deep learning,SPA113,SPA113.tif,Breast,Cancer,IDC,Homo sapiens,BC23450,Spatial Transcriptomics,30-Nov-21,CC BY 4.0,https://www.science.org/doi/10.1126/science.aaf2403,https://data.mendeley.com/datasets/29ntw7sh4r/5,200.0,100.0,318,,18843,,,0.686945071380452,20x,9313,9857,Breast,HER2_luminal,BC23450_E2,v1_0_0,Human,Spatial Transcriptomics
Integrating spatial gene expression and breast tumour morphology via deep learning,SPA112,SPA112.tif,Breast,Cancer,IDC,Homo sapiens,BC23901,Spatial Transcriptomics,30-Nov-21,CC BY 4.0,https://www.science.org/doi/10.1126/science.aaf2403,https://data.mendeley.com/datasets/29ntw7sh4r/5,200.0,100.0,292,,18082,,,0.679082290244629,20x,9332,9878,Breast,HER2_luminal,BC23901_C2,v1_0_0,Human,Spatial Transcriptomics
Integrating spatial gene expression and breast tumour morphology via deep learning,SPA111,SPA111.tif,Breast,Cancer,IDC,Homo sapiens,BC23901,Spatial Transcriptomics,30-Nov-21,CC BY 4.0,https://www.science.org/doi/10.1126/science.aaf2403,https://data.mendeley.com/datasets/29ntw7sh4r/5,200.0,100.0,297,,17636,,,0.687304406181756,20x,9308,9860,Breast,HER2_luminal,BC23901_D1,v1_0_0,Human,Spatial Transcriptomics
Integrating spatial gene expression and breast tumour morphology via deep learning,SPA110,SPA110.tif,Breast,Cancer,IDC,Homo sapiens,BC23944,Spatial Transcriptomics,30-Nov-21,CC BY 4.0,https://www.science.org/doi/10.1126/science.aaf2403,https://data.mendeley.com/datasets/29ntw7sh4r/5,200.0,100.0,414,,18201,,,0.685212349530496,20x,9316,9874,Breast,HER2_luminal,BC23944_D2,v1_0_0,Human,Spatial Transcriptomics
Integrating spatial gene expression and breast tumour morphology via deep learning,SPA109,SPA109.tif,Breast,Cancer,IDC,Homo sapiens,BC23944,Spatial Transcriptomics,30-Nov-21,CC BY 4.0,https://www.science.org/doi/10.1126/science.aaf2403,https://data.mendeley.com/datasets/29ntw7sh4r/5,200.0,100.0,423,,18384,,,0.688173211984919,20x,9277,9849,Breast,HER2_luminal,BC23944_E1,v1_0_0,Human,Spatial Transcriptomics
Integrating spatial gene expression and breast tumour morphology via deep learning,SPA108,SPA108.tif,Breast,Cancer,IDC,Homo sapiens,BC23944,Spatial Transcriptomics,30-Nov-21,CC BY 4.0,https://www.science.org/doi/10.1126/science.aaf2403,https://data.mendeley.com/datasets/29ntw7sh4r/5,200.0,100.0,403,,18578,,,0.687786086582934,20x,9314,9867,Breast,HER2_luminal,BC23944_E2,v1_0_0,Human,Spatial Transcriptomics
Integrating spatial gene expression and breast tumour morphology via deep learning,SPA107,SPA107.tif,Breast,Cancer,IDC,Homo sapiens,BC24220,Spatial Transcriptomics,30-Nov-21,CC BY 4.0,https://www.science.org/doi/10.1126/science.aaf2403,https://data.mendeley.com/datasets/29ntw7sh4r/5,200.0,100.0,432,,16908,,,0.682654589,20x,9322,9849,Breast,HER2_luminal,BC24220_D2,v1_0_0,Human,Spatial Transcriptomics
Integrating spatial gene expression and breast tumour morphology via deep learning,SPA106,SPA106.tif,Breast,Cancer,IDC,Homo sapiens,BC24220,Spatial Transcriptomics,30-Nov-21,CC BY 4.0,https://www.science.org/doi/10.1126/science.aaf2403,https://data.mendeley.com/datasets/29ntw7sh4r/5,200.0,100.0,428,,17273,,,0.682635274464711,20x,9281,9857,Breast,HER2_luminal,BC24220_E1,v1_0_0,Human,Spatial Transcriptomics
Integrating spatial gene expression and breast tumour morphology via deep learning,SPA105,SPA105.tif,Breast,Cancer,IDC,Homo sapiens,BC24220,Spatial Transcriptomics,30-Nov-21,CC BY 4.0,https://www.science.org/doi/10.1126/science.aaf2403,https://data.mendeley.com/datasets/29ntw7sh4r/5,200.0,100.0,437,,17246,,,0.680162624586778,20x,9307,9858,Breast,HER2_luminal,BC24220_E2,v1_0_0,Human,Spatial Transcriptomics
Integrating spatial gene expression and breast tumour morphology via deep learning,SPA104,SPA104.tif,Breast,Cancer,IDC,Homo sapiens,BC23567,Spatial Transcriptomics,30-Nov-21,CC BY 4.0,https://www.science.org/doi/10.1126/science.aaf2403,https://data.mendeley.com/datasets/29ntw7sh4r/5,200.0,100.0,587,,17368,,,0.685479434734455,20x,9322,9922,Breast,HER2_non_luminal,BC23567_D2,v1_0_0,Human,Spatial Transcriptomics
Integrating spatial gene expression and breast tumour morphology via deep learning,SPA103,SPA103.tif,Breast,Cancer,IDC,Homo sapiens,BC23567,Spatial Transcriptomics,30-Nov-21,CC BY 4.0,https://www.science.org/doi/10.1126/science.aaf2403,https://data.mendeley.com/datasets/29ntw7sh4r/5,200.0,100.0,572,,18013,,,0.686787118825411,20x,9308,9862,Breast,HER2_non_luminal,BC23567_E1,v1_0_0,Human,Spatial Transcriptomics
Integrating spatial gene expression and breast tumour morphology via deep learning,SPA102,SPA102.tif,Breast,Cancer,IDC,Homo sapiens,BC23567,Spatial Transcriptomics,30-Nov-21,CC BY 4.0,https://www.science.org/doi/10.1126/science.aaf2403,https://data.mendeley.com/datasets/29ntw7sh4r/5,200.0,100.0,570,,17960,,,0.684350448649609,20x,9344,9907,Breast,HER2_non_luminal,BC23567_E2,v1_0_0,Human,Spatial Transcriptomics
Integrating spatial gene expression and breast tumour morphology via deep learning,SPA101,SPA101.tif,Breast,Cancer,IDC,Homo sapiens,BC23810,Spatial Transcriptomics,30-Nov-21,CC BY 4.0,https://www.science.org/doi/10.1126/science.aaf2403,https://data.mendeley.com/datasets/29ntw7sh4r/5,200.0,100.0,691,,17923,,,0.702078126688374,20x,9307,9855,Breast,HER2_non_luminal,BC23810_D2,v1_0_0,Human,Spatial Transcriptomics
Integrating spatial gene expression and breast tumour morphology via deep learning,SPA100,SPA100.tif,Breast,Cancer,IDC,Homo sapiens,BC23810,Spatial Transcriptomics,30-Nov-21,CC BY 4.0,https://www.science.org/doi/10.1126/science.aaf2403,https://data.mendeley.com/datasets/29ntw7sh4r/5,200.0,100.0,695,,18126,,,0.69706214967357,20x,9322,9906,Breast,HER2_non_luminal,BC23810_E1,v1_0_0,Human,Spatial Transcriptomics
Integrating spatial gene expression and breast tumour morphology via deep learning,SPA99,SPA99.tif,Breast,Cancer,IDC,Homo sapiens,BC23810,Spatial Transcriptomics,30-Nov-21,CC BY 4.0,https://www.science.org/doi/10.1126/science.aaf2403,https://data.mendeley.com/datasets/29ntw7sh4r/5,200.0,100.0,713,,18295,,,0.689353883492675,20x,9328,9900,Breast,HER2_non_luminal,BC23810_E2,v1_0_0,Human,Spatial Transcriptomics
Integrating spatial gene expression and breast tumour morphology via deep learning,SPA98,SPA98.tif,Breast,Cancer,IDC,Homo sapiens,BC23903,Spatial Transcriptomics,30-Nov-21,CC BY 4.0,https://www.science.org/doi/10.1126/science.aaf2403,https://data.mendeley.com/datasets/29ntw7sh4r/5,200.0,100.0,441,,17824,,,0.68937042459376,20x,9310,9910,Breast,HER2_non_luminal,BC23903_C1,v1_0_0,Human,Spatial Transcriptomics
Integrating spatial gene expression and breast tumour morphology via deep learning,SPA97,SPA97.tif,Breast,Cancer,IDC,Homo sapiens,BC23903,Spatial Transcriptomics,30-Nov-21,CC BY 4.0,https://www.science.org/doi/10.1126/science.aaf2403,https://data.mendeley.com/datasets/29ntw7sh4r/5,200.0,100.0,468,,18263,,,0.688555881303289,20x,9326,9863,Breast,HER2_non_luminal,BC23903_C2,v1_0_0,Human,Spatial Transcriptomics
Integrating spatial gene expression and breast tumour morphology via deep learning,SPA96,SPA96.tif,Breast,Cancer,IDC,Homo sapiens,BC23903,Spatial Transcriptomics,30-Nov-21,CC BY 4.0,https://www.science.org/doi/10.1126/science.aaf2403,https://data.mendeley.com/datasets/29ntw7sh4r/5,200.0,100.0,464,,17973,,,0.689677313538014,20x,9309,9861,Breast,HER2_non_luminal,BC23903_D1,v1_0_0,Human,Spatial Transcriptomics
Integrating spatial gene expression and breast tumour morphology via deep learning,SPA95,SPA95.tif,Breast,Cancer,IDC,Homo sapiens,BC24044,Spatial Transcriptomics,30-Nov-21,CC BY 4.0,https://www.science.org/doi/10.1126/science.aaf2403,https://data.mendeley.com/datasets/29ntw7sh4r/5,200.0,100.0,614,,17653,,,0.686924148,20x,9301,9869,Breast,HER2_non_luminal,BC24044_D2,v1_0_0,Human,Spatial Transcriptomics
Integrating spatial gene expression and breast tumour morphology via deep learning,SPA94,SPA94.tif,Breast,Cancer,IDC,Homo sapiens,BC24044,Spatial Transcriptomics,30-Nov-21,CC BY 4.0,https://www.science.org/doi/10.1126/science.aaf2403,https://data.mendeley.com/datasets/29ntw7sh4r/5,200.0,100.0,603,,17509,,,0.687148994992964,20x,9314,9873,Breast,HER2_non_luminal,BC24044_E1,v1_0_0,Human,Spatial Transcriptomics
Integrating spatial gene expression and breast tumour morphology via deep learning,SPA93,SPA93.tif,Breast,Cancer,IDC,Homo sapiens,BC24044,Spatial Transcriptomics,30-Nov-21,CC BY 4.0,https://www.science.org/doi/10.1126/science.aaf2403,https://data.mendeley.com/datasets/29ntw7sh4r/5,200.0,100.0,511,,17570,,,0.687246743591115,20x,9319,9889,Breast,HER2_non_luminal,BC24044_E2,v1_0_0,Human,Spatial Transcriptomics
Integrating spatial gene expression and breast tumour morphology via deep learning,SPA92,SPA92.tif,Breast,Cancer,IDC,Homo sapiens,BC24105,Spatial Transcriptomics,30-Nov-21,CC BY 4.0,https://www.science.org/doi/10.1126/science.aaf2403,https://data.mendeley.com/datasets/29ntw7sh4r/5,200.0,100.0,325,,18015,,,0.678540508032666,20x,9303,9854,Breast,HER2_non_luminal,BC24105_C1,v1_0_0,Human,Spatial Transcriptomics
Integrating spatial gene expression and breast tumour morphology via deep learning,SPA91,SPA91.tif,Breast,Cancer,IDC,Homo sapiens,BC24105,Spatial Transcriptomics,30-Nov-21,CC BY 4.0,https://www.science.org/doi/10.1126/science.aaf2403,https://data.mendeley.com/datasets/29ntw7sh4r/5,200.0,100.0,297,,18036,,,0.685984211315772,20x,9323,9846,Breast,HER2_non_luminal,BC24105_C2,v1_0_0,Human,Spatial Transcriptomics
Integrating spatial gene expression and breast tumour morphology via deep learning,SPA90,SPA90.tif,Breast,Cancer,IDC,Homo sapiens,BC24105,Spatial Transcriptomics,30-Nov-21,CC BY 4.0,https://www.science.org/doi/10.1126/science.aaf2403,https://data.mendeley.com/datasets/29ntw7sh4r/5,200.0,100.0,338,,17864,,,0.685626992,20x,9325,9888,Breast,HER2_non_luminal,BC24105_D1,v1_0_0,Human,Spatial Transcriptomics
Integrating spatial gene expression and breast tumour morphology via deep learning,SPA89,SPA89.tif,Breast,Cancer,IDC,Homo sapiens,BC23268,Spatial Transcriptomics,30-Nov-21,CC BY 4.0,https://www.science.org/doi/10.1126/science.aaf2403,https://data.mendeley.com/datasets/29ntw7sh4r/5,200.0,100.0,435,,17546,,,0.691228392,20x,9344,9892,Breast,Luminal_A,BC23268_C1,v1_0_0,Human,Spatial Transcriptomics
Integrating spatial gene expression and breast tumour morphology via deep learning,SPA88,SPA88.tif,Breast,Cancer,IDC,Homo sapiens,BC23268,Spatial Transcriptomics,30-Nov-21,CC BY 4.0,https://www.science.org/doi/10.1126/science.aaf2403,https://data.mendeley.com/datasets/29ntw7sh4r/5,200.0,100.0,498,,17467,,,0.685273025987883,20x,9291,9908,Breast,Luminal_A,BC23268_C2,v1_0_0,Human,Spatial Transcriptomics
Integrating spatial gene expression and breast tumour morphology via deep learning,SPA87,SPA87.tif,Breast,Cancer,IDC,Homo sapiens,BC23268,Spatial Transcriptomics,30-Nov-21,CC BY 4.0,https://www.science.org/doi/10.1126/science.aaf2403,https://data.mendeley.com/datasets/29ntw7sh4r/5,200.0,100.0,492,,17417,,,0.683595082883803,20x,9290,9892,Breast,Luminal_A,BC23268_D1,v1_0_0,Human,Spatial Transcriptomics
Integrating spatial gene expression and breast tumour morphology via deep learning,SPA86,SPA86.tif,Breast,Cancer,IDC,Homo sapiens,BC23269,Spatial Transcriptomics,30-Nov-21,CC BY 4.0,https://www.science.org/doi/10.1126/science.aaf2403,https://data.mendeley.com/datasets/29ntw7sh4r/5,200.0,100.0,434,,17779,,,0.687000000977504,20x,9317,9920,Breast,Luminal_A,BC23269_C1,v1_0_0,Human,Spatial Transcriptomics
Integrating spatial gene expression and breast tumour morphology via deep learning,SPA85,SPA85.tif,Breast,Cancer,IDC,Homo sapiens,BC23269,Spatial Transcriptomics,30-Nov-21,CC BY 4.0,https://www.science.org/doi/10.1126/science.aaf2403,https://data.mendeley.com/datasets/29ntw7sh4r/5,200.0,100.0,435,,18371,,,0.685516241447387,20x,9293,9947,Breast,Luminal_A,BC23269_C2,v1_0_0,Human,Spatial Transcriptomics
Integrating spatial gene expression and breast tumour morphology via deep learning,SPA84,SPA84.tif,Breast,Cancer,IDC,Homo sapiens,BC23269,Spatial Transcriptomics,30-Nov-21,CC BY 4.0,https://www.science.org/doi/10.1126/science.aaf2403,https://data.mendeley.com/datasets/29ntw7sh4r/5,200.0,100.0,433,,17576,,,0.685922487280504,20x,9320,9874,Breast,Luminal_A,BC23269_D1,v1_0_0,Human,Spatial Transcriptomics
Integrating spatial gene expression and breast tumour morphology via deep learning,SPA83,SPA83.tif,Breast,Cancer,IDC,Homo sapiens,BC23272,Spatial Transcriptomics,30-Nov-21,CC BY 4.0,https://www.science.org/doi/10.1126/science.aaf2403,https://data.mendeley.com/datasets/29ntw7sh4r/5,200.0,100.0,565,,17724,,,0.68344811492994,20x,9343,9900,Breast,Luminal_A,BC23272_D2,v1_0_0,Human,Spatial Transcriptomics
Integrating spatial gene expression and breast tumour morphology via deep learning,SPA82,SPA82.tif,Breast,Cancer,IDC,Homo sapiens,BC23272,Spatial Transcriptomics,30-Nov-21,CC BY 4.0,https://www.science.org/doi/10.1126/science.aaf2403,https://data.mendeley.com/datasets/29ntw7sh4r/5,200.0,100.0,578,,17593,,,0.689918759959879,20x,9278,9915,Breast,Luminal_A,BC23272_E1,v1_0_0,Human,Spatial Transcriptomics
Integrating spatial gene expression and breast tumour morphology via deep learning,SPA81,SPA81.tif,Breast,Cancer,IDC,Homo sapiens,BC23272,Spatial Transcriptomics,30-Nov-21,CC BY 4.0,https://www.science.org/doi/10.1126/science.aaf2403,https://data.mendeley.com/datasets/29ntw7sh4r/5,200.0,100.0,548,,17627,,,0.687174708659141,20x,9331,9914,Breast,Luminal_A,BC23272_E2,v1_0_0,Human,Spatial Transcriptomics
Integrating spatial gene expression and breast tumour morphology via deep learning,SPA80,SPA80.tif,Breast,Cancer,IDC,Homo sapiens,BC24223,Spatial Transcriptomics,30-Nov-21,CC BY 4.0,https://www.science.org/doi/10.1126/science.aaf2403,https://data.mendeley.com/datasets/29ntw7sh4r/5,200.0,100.0,368,,17428,,,0.684892891965904,20x,9351,9896,Breast,Luminal_A,BC24223_D2,v1_0_0,Human,Spatial Transcriptomics
Integrating spatial gene expression and breast tumour morphology via deep learning,SPA79,SPA79.tif,Breast,Cancer,IDC,Homo sapiens,BC24223,Spatial Transcriptomics,30-Nov-21,CC BY 4.0,https://www.science.org/doi/10.1126/science.aaf2403,https://data.mendeley.com/datasets/29ntw7sh4r/5,200.0,100.0,362,,17668,,,0.687553217,20x,9323,9861,Breast,Luminal_A,BC24223_E1,v1_0_0,Human,Spatial Transcriptomics
Integrating spatial gene expression and breast tumour morphology via deep learning,SPA78,SPA78.tif,Breast,Cancer,IDC,Homo sapiens,BC24223,Spatial Transcriptomics,30-Nov-21,CC BY 4.0,https://www.science.org/doi/10.1126/science.aaf2403,https://data.mendeley.com/datasets/29ntw7sh4r/5,200.0,100.0,363,,17751,,,0.684709792058559,20x,9346,9889,Breast,Luminal_A,BC24223_E2,v1_0_0,Human,Spatial Transcriptomics
Integrating spatial gene expression and breast tumour morphology via deep learning,SPA77,SPA77.tif,Breast,Cancer,IDC,Homo sapiens,BC23270,Spatial Transcriptomics,30-Nov-21,CC BY 4.0,https://www.science.org/doi/10.1126/science.aaf2403,https://data.mendeley.com/datasets/29ntw7sh4r/5,200.0,100.0,284,,17940,,,0.68359701839368,20x,9293,9894,Breast,Luminal_B,BC23270_D2,v1_0_0,Human,Spatial Transcriptomics
Integrating spatial gene expression and breast tumour morphology via deep learning,SPA76,SPA76.tif,Breast,Cancer,IDC,Homo sapiens,BC23270,Spatial Transcriptomics,30-Nov-21,CC BY 4.0,https://www.science.org/doi/10.1126/science.aaf2403,https://data.mendeley.com/datasets/29ntw7sh4r/5,200.0,100.0,283,,18081,,,0.671166434989037,20x,9278,9865,Breast,Luminal_B,BC23270_E1,v1_0_0,Human,Spatial Transcriptomics
Integrating spatial gene expression and breast tumour morphology via deep learning,SPA75,SPA75.tif,Breast,Cancer,IDC,Homo sapiens,BC23270,Spatial Transcriptomics,30-Nov-21,CC BY 4.0,https://www.science.org/doi/10.1126/science.aaf2403,https://data.mendeley.com/datasets/29ntw7sh4r/5,200.0,100.0,284,,18373,,,0.68655906204401,20x,9301,9866,Breast,Luminal_B,BC23270_E2,v1_0_0,Human,Spatial Transcriptomics
Integrating spatial gene expression and breast tumour morphology via deep learning,SPA74,SPA74.tif,Breast,Cancer,IDC,Homo sapiens,BC23277,Spatial Transcriptomics,30-Nov-21,CC BY 4.0,https://www.science.org/doi/10.1126/science.aaf2403,https://data.mendeley.com/datasets/29ntw7sh4r/5,200.0,100.0,506,,18191,,,0.686257475702406,20x,9334,9891,Breast,Luminal_B,BC23277_D2,v1_0_0,Human,Spatial Transcriptomics
Integrating spatial gene expression and breast tumour morphology via deep learning,SPA73,SPA73.tif,Breast,Cancer,IDC,Homo sapiens,BC23277,Spatial Transcriptomics,30-Nov-21,CC BY 4.0,https://www.science.org/doi/10.1126/science.aaf2403,https://data.mendeley.com/datasets/29ntw7sh4r/5,200.0,100.0,513,,18426,,,0.673924287593833,20x,9310,9906,Breast,Luminal_B,BC23277_E1,v1_0_0,Human,Spatial Transcriptomics
Integrating spatial gene expression and breast tumour morphology via deep learning,SPA72,SPA72.tif,Breast,Cancer,IDC,Homo sapiens,BC23277,Spatial Transcriptomics,30-Nov-21,CC BY 4.0,https://www.science.org/doi/10.1126/science.aaf2403,https://data.mendeley.com/datasets/29ntw7sh4r/5,200.0,100.0,566,,18853,,,0.673046729577535,20x,9341,9930,Breast,Luminal_B,BC23277_E2,v1_0_0,Human,Spatial Transcriptomics
Integrating spatial gene expression and breast tumour morphology via deep learning,SPA71,SPA71.tif,Breast,Cancer,IDC,Homo sapiens,BC23506,Spatial Transcriptomics,30-Nov-21,CC BY 4.0,https://www.science.org/doi/10.1126/science.aaf2403,https://data.mendeley.com/datasets/29ntw7sh4r/5,200.0,100.0,489,,19017,,,0.696703611963956,20x,9309,9905,Breast,Luminal_B,BC23506_C1,v1_0_0,Human,Spatial Transcriptomics
Integrating spatial gene expression and breast tumour morphology via deep learning,SPA70,SPA70.tif,Breast,Cancer,IDC,Homo sapiens,BC23506,Spatial Transcriptomics,30-Nov-21,CC BY 4.0,https://www.science.org/doi/10.1126/science.aaf2403,https://data.mendeley.com/datasets/29ntw7sh4r/5,200.0,100.0,502,,19088,,,0.703372074283041,20x,9309,9907,Breast,Luminal_B,BC23506_C2,v1_0_0,Human,Spatial Transcriptomics
Integrating spatial gene expression and breast tumour morphology via deep learning,SPA69,SPA69.tif,Breast,Cancer,IDC,Homo sapiens,BC23506,Spatial Transcriptomics,30-Nov-21,CC BY 4.0,https://www.science.org/doi/10.1126/science.aaf2403,https://data.mendeley.com/datasets/29ntw7sh4r/5,200.0,100.0,482,,18606,,,0.699626350198598,20x,9307,9925,Breast,Luminal_B,BC23506_D1,v1_0_0,Human,Spatial Transcriptomics
Integrating spatial gene expression and breast tumour morphology via deep learning,SPA68,SPA68.tif,Breast,Cancer,IDC,Homo sapiens,BC23508,Spatial Transcriptomics,30-Nov-21,CC BY 4.0,https://www.science.org/doi/10.1126/science.aaf2403,https://data.mendeley.com/datasets/29ntw7sh4r/5,200.0,100.0,478,,18787,,,0.683692405,20x,9319,9925,Breast,Luminal_B,BC23508_D2,v1_0_0,Human,Spatial Transcriptomics
Integrating spatial gene expression and breast tumour morphology via deep learning,SPA67,SPA67.tif,Breast,Cancer,IDC,Homo sapiens,BC23508,Spatial Transcriptomics,30-Nov-21,CC BY 4.0,https://www.science.org/doi/10.1126/science.aaf2403,https://data.mendeley.com/datasets/29ntw7sh4r/5,200.0,100.0,473,,18663,,,0.686765083,20x,9302,9895,Breast,Luminal_B,BC23508_E1,v1_0_0,Human,Spatial Transcriptomics
Integrating spatial gene expression and breast tumour morphology via deep learning,SPA66,SPA66.tif,Breast,Cancer,IDC,Homo sapiens,BC23508,Spatial Transcriptomics,30-Nov-21,CC BY 4.0,https://www.science.org/doi/10.1126/science.aaf2403,https://data.mendeley.com/datasets/29ntw7sh4r/5,200.0,100.0,504,,18535,,,0.682772407,20x,9346,9897,Breast,Luminal_B,BC23508_E2,v1_0_0,Human,Spatial Transcriptomics
Integrating spatial gene expression and breast tumour morphology via deep learning,SPA65,SPA65.tif,Breast,Cancer,IDC,Homo sapiens,BC23895,Spatial Transcriptomics,30-Nov-21,CC BY 4.0,https://www.science.org/doi/10.1126/science.aaf2403,https://data.mendeley.com/datasets/29ntw7sh4r/5,200.0,100.0,498,,17686,,,0.686535868241651,20x,9315,9923,Breast,Luminal_B,BC23895_C1,v1_0_0,Human,Spatial Transcriptomics
Integrating spatial gene expression and breast tumour morphology via deep learning,SPA64,SPA64.tif,Breast,Cancer,IDC,Homo sapiens,BC23895,Spatial Transcriptomics,30-Nov-21,CC BY 4.0,https://www.science.org/doi/10.1126/science.aaf2403,https://data.mendeley.com/datasets/29ntw7sh4r/5,200.0,100.0,454,,17630,,,0.687597403722036,20x,9337,9885,Breast,Luminal_B,BC23895_C2,v1_0_0,Human,Spatial Transcriptomics
Integrating spatial gene expression and breast tumour morphology via deep learning,SPA63,SPA63.tif,Breast,Cancer,IDC,Homo sapiens,BC23895,Spatial Transcriptomics,30-Nov-21,CC BY 4.0,https://www.science.org/doi/10.1126/science.aaf2403,https://data.mendeley.com/datasets/29ntw7sh4r/5,200.0,100.0,518,,17402,,,0.689979191088615,20x,9326,9916,Breast,Luminal_B,BC23895_D1,v1_0_0,Human,Spatial Transcriptomics
Integrating spatial gene expression and breast tumour morphology via deep learning,SPA62,SPA62.tif,Breast,Cancer,IDC,Homo sapiens,BC23209,Spatial Transcriptomics,30-Nov-21,CC BY 4.0,https://www.science.org/doi/10.1126/science.aaf2403,https://data.mendeley.com/datasets/29ntw7sh4r/5,200.0,100.0,294,,16859,,,0.691333944186998,20x,9299,9871,Breast,TNBC,BC23209_C1,v1_0_0,Human,Spatial Transcriptomics
Integrating spatial gene expression and breast tumour morphology via deep learning,SPA61,SPA61.tif,Breast,Cancer,IDC,Homo sapiens,BC23209,Spatial Transcriptomics,30-Nov-21,CC BY 4.0,https://www.science.org/doi/10.1126/science.aaf2403,https://data.mendeley.com/datasets/29ntw7sh4r/5,200.0,100.0,318,,18356,,,0.684395721349502,20x,9286,9852,Breast,TNBC,BC23209_C2,v1_0_0,Human,Spatial Transcriptomics
Integrating spatial gene expression and breast tumour morphology via deep learning,SPA60,SPA60.tif,Breast,Cancer,IDC,Homo sapiens,BC23209,Spatial Transcriptomics,30-Nov-21,CC BY 4.0,https://www.science.org/doi/10.1126/science.aaf2403,https://data.mendeley.com/datasets/29ntw7sh4r/5,200.0,100.0,331,,18298,,,0.683924014172062,20x,9286,9866,Breast,TNBC,BC23209_D1,v1_0_0,Human,Spatial Transcriptomics
Integrating spatial gene expression and breast tumour morphology via deep learning,SPA59,SPA59.tif,Breast,Cancer,IDC,Homo sapiens,BC23288,Spatial Transcriptomics,30-Nov-21,CC BY 4.0,https://www.science.org/doi/10.1126/science.aaf2403,https://data.mendeley.com/datasets/29ntw7sh4r/5,200.0,100.0,464,,17387,,,0.686211683714311,20x,9322,9922,Breast,TNBC,BC23288_D2,v1_0_0,Human,Spatial Transcriptomics
Integrating spatial gene expression and breast tumour morphology via deep learning,SPA58,SPA58.tif,Breast,Cancer,IDC,Homo sapiens,BC23288,Spatial Transcriptomics,30-Nov-21,CC BY 4.0,https://www.science.org/doi/10.1126/science.aaf2403,https://data.mendeley.com/datasets/29ntw7sh4r/5,200.0,100.0,480,,17641,,,0.683748393578858,20x,9335,9914,Breast,TNBC,BC23288_E1,v1_0_0,Human,Spatial Transcriptomics
Integrating spatial gene expression and breast tumour morphology via deep learning,SPA57,SPA57.tif,Breast,Cancer,IDC,Homo sapiens,BC23288,Spatial Transcriptomics,30-Nov-21,CC BY 4.0,https://www.science.org/doi/10.1126/science.aaf2403,https://data.mendeley.com/datasets/29ntw7sh4r/5,200.0,100.0,478,,17405,,,0.686863849619792,20x,9364,9909,Breast,TNBC,BC23288_E2,v1_0_0,Human,Spatial Transcriptomics
Integrating spatial gene expression and breast tumour morphology via deep learning,SPA56,SPA56.tif,Breast,Cancer,IDC,Homo sapiens,BC23377,Spatial Transcriptomics,30-Nov-21,CC BY 4.0,https://www.science.org/doi/10.1126/science.aaf2403,https://data.mendeley.com/datasets/29ntw7sh4r/5,200.0,100.0,597,,17933,,,0.684341928907531,20x,9297,9912,Breast,TNBC,BC23377_C1,v1_0_0,Human,Spatial Transcriptomics
Integrating spatial gene expression and breast tumour morphology via deep learning,SPA55,SPA55.tif,Breast,Cancer,IDC,Homo sapiens,BC23377,Spatial Transcriptomics,30-Nov-21,CC BY 4.0,https://www.science.org/doi/10.1126/science.aaf2403,https://data.mendeley.com/datasets/29ntw7sh4r/5,200.0,100.0,687,,18306,,,0.687036646638975,20x,9300,9926,Breast,TNBC,BC23377_C2,v1_0_0,Human,Spatial Transcriptomics
Integrating spatial gene expression and breast tumour morphology via deep learning,SPA54,SPA54.tif,Breast,Cancer,IDC,Homo sapiens,BC23377,Spatial Transcriptomics,30-Nov-21,CC BY 4.0,https://www.science.org/doi/10.1126/science.aaf2403,https://data.mendeley.com/datasets/29ntw7sh4r/5,200.0,100.0,601,,17939,,,0.68531873973977,20x,9308,9917,Breast,TNBC,BC23377_D1,v1_0_0,Human,Spatial Transcriptomics
Integrating spatial gene expression and breast tumour morphology via deep learning,SPA53,SPA53.tif,Breast,Cancer,IDC,Homo sapiens,BC23803,Spatial Transcriptomics,30-Nov-21,CC BY 4.0,https://www.science.org/doi/10.1126/science.aaf2403,https://data.mendeley.com/datasets/29ntw7sh4r/5,200.0,100.0,402,,19729,,,0.682706602049317,20x,9296,9888,Breast,TNBC,BC23803_D2,v1_0_0,Human,Spatial Transcriptomics
Integrating spatial gene expression and breast tumour morphology via deep learning,SPA52,SPA52.tif,Breast,Cancer,IDC,Homo sapiens,BC23803,Spatial Transcriptomics,30-Nov-21,CC BY 4.0,https://www.science.org/doi/10.1126/science.aaf2403,https://data.mendeley.com/datasets/29ntw7sh4r/5,200.0,100.0,340,,18871,,,0.688712084148645,20x,9310,9891,Breast,TNBC,BC23803_E1,v1_0_0,Human,Spatial Transcriptomics
Integrating spatial gene expression and breast tumour morphology via deep learning,SPA51,SPA51.tif,Breast,Cancer,IDC,Homo sapiens,BC23803,Spatial Transcriptomics,30-Nov-21,CC BY 4.0,https://www.science.org/doi/10.1126/science.aaf2403,https://data.mendeley.com/datasets/29ntw7sh4r/5,200.0,100.0,421,,19119,,,0.686131949363189,20x,9313,9898,Breast,TNBC,BC23803_E2,v1_0_0,Human,Spatial Transcriptomics
Visualization and analysis of gene expression in tissue sections by spatial transcriptomics,SPA3,SPA3.tif,Breast,Cancer,IDC,Homo sapiens,,Spatial Transcriptomics,1-Jul-16,,https://pubmed.ncbi.nlm.nih.gov/27365449/,https://www.spatialresearch.org/resources-published-datasets/doi-10-1126science-aaf2403/,200.0,100.0,254,,14880,,,0.690778041997307,20x,9245,9949,Breast,,Breast Cancer Layer 1,v1_0_0,Human,Spatial Transcriptomics
Visualization and analysis of gene expression in tissue sections by spatial transcriptomics,SPA2,SPA2.tif,Breast,Cancer,IDC,Homo sapiens,,Spatial Transcriptomics,1-Jul-16,,https://pubmed.ncbi.nlm.nih.gov/27365449/,https://www.spatialresearch.org/resources-published-datasets/doi-10-1126science-aaf2403/,200.0,100.0,251,,14789,,,0.691642255537628,20x,9293,9930,Breast,,Breast Cancer Layer 2,v1_0_0,Human,Spatial Transcriptomics
Visualization and analysis of gene expression in tissue sections by spatial transcriptomics,SPA1,SPA1.tif,Breast,Cancer,IDC,Homo sapiens,,Spatial Transcriptomics,1-Jul-16,,https://pubmed.ncbi.nlm.nih.gov/27365449/,https://www.spatialresearch.org/resources-published-datasets/doi-10-1126science-aaf2403/,200.0,100.0,264,,14929,,,0.684542800273625,20x,9277,9931,Breast,,Breast Cancer Layer 3,v1_0_0,Human,Spatial Transcriptomics
Visualization and analysis of gene expression in tissue sections by spatial transcriptomics,SPA0,SPA0.tif,Breast,Cancer,IDC,Homo sapiens,,Spatial Transcriptomics,1-Jul-16,,https://pubmed.ncbi.nlm.nih.gov/27365449/,https://www.spatialresearch.org/resources-published-datasets/doi-10-1126science-aaf2403/,200.0,100.0,262,,14808,,,0.68710153853952,20x,9261,9933,Breast,,Breast Cancer Layer 4,v1_0_0,Human,Spatial Transcriptomics
Prostate ST Internal,INT35,INT35.tif,Prostate,Cancer,PRAD,Homo sapiens,,Visium,None (internal),Internal,None (internal),None (internal),100.0,55.0,3998,,17943,,0.264583333333333,0.614702523579458,20x,14912,14902,Prostate,,Sample_6884-AS-S1-B,v1_0_0,Human,Visium
Prostate ST Internal,INT28,INT28.tif,Prostate,Cancer,PRAD,Homo sapiens,,Visium,None (internal),Internal,None (internal),None (internal),100.0,55.0,3990,,17943,,0.264583333333333,0.61598926,20x,14528,13580,Prostate,,Sample_6884-AS-S3-A,v1_0_0,Human,Visium
Prostate ST Internal,INT27,INT27.tif,Prostate,Cancer,PRAD,Homo sapiens,,Visium,None (internal),Internal,None (internal),None (internal),100.0,55.0,4176,,17943,,0.264583333333333,0.614908700126033,20x,15213,13920,Prostate,,Sample_6884-AS-S3-B,v1_0_0,Human,Visium
Prostate ST Internal,INT26,INT26.tif,Prostate,Cancer,PRAD,Homo sapiens,,Visium,None (internal),Internal,None (internal),None (internal),100.0,55.0,3894,,17943,,0.264583333333333,0.614604483155954,20x,13840,13760,Prostate,,Sample_6884-AS-S3-C,v1_0_0,Human,Visium
Prostate ST Internal,INT25,INT25.tif,Prostate,Cancer,PRAD,Homo sapiens,,Visium,None (internal),Internal,None (internal),None (internal),100.0,55.0,3808,,17943,,0.264583333333333,0.616011232423841,20x,14315,13998,Prostate,,Sample_6884-AS-S3-D,v1_0_0,Human,Visium
Tertiary lymphoid structures generate and propagate anti-tumor antibody-producing plasma cells in renal cell cancer,INT24,INT24.tif,Kidney,Cancer,SCCRCC,Homo sapiens,Patient 1,Visium,3/3/22,Internal,https://pubmed.ncbi.nlm.nih.gov/35231421/,None (internal),100.0,55.0,4510,,17943,,0.45766590389016,0.45736731519443,40x,23040,23296,Kidney,,ccRCC tumor ffpe_c_2,v1_0_0,Human,Visium
Tertiary lymphoid structures generate and propagate anti-tumor antibody-producing plasma cells in renal cell cancer,INT23,INT23.tif,Kidney,Cancer,SCCRCC,Homo sapiens,Patient 2,Visium,3/3/22,Internal,https://pubmed.ncbi.nlm.nih.gov/35231421/,None (internal),100.0,55.0,4755,,17943,,0.45766590389016,0.45753312598457,40x,17184,17020,Kidney,,ccRCC tumor ffpe_c_3,v1_0_0,Human,Visium
Tertiary lymphoid structures generate and propagate anti-tumor antibody-producing plasma cells in renal cell cancer,INT22,INT22.tif,Kidney,Cancer,SCCRCC,Homo sapiens,Patient 3,Visium,3/3/22,Internal,https://pubmed.ncbi.nlm.nih.gov/35231421/,None (internal),100.0,55.0,3829,,17943,,0.45766590389016,0.457504316124313,40x,17127,16927,Kidney,,ccRCC tumor ffpe_c_4,v1_0_0,Human,Visium
Tertiary lymphoid structures generate and propagate anti-tumor antibody-producing plasma cells in renal cell cancer,INT21,INT21.tif,Kidney,Cancer,SCCRCC,Homo sapiens,Patient 4,Visium,3/3/22,Internal,https://pubmed.ncbi.nlm.nih.gov/35231421/,None (internal),100.0,55.0,4975,,17943,,0.45766590389016,0.457336659095795,40x,17128,16878,Kidney,,ccRCC tumor ffpe_c_7,v1_0_0,Human,Visium
Tertiary lymphoid structures generate and propagate anti-tumor antibody-producing plasma cells in renal cell cancer,INT20,INT20.tif,Kidney,Cancer,SCCRCC,Homo sapiens,Patient 5,Visium,3/3/22,Internal,https://pubmed.ncbi.nlm.nih.gov/35231421/,None (internal),100.0,55.0,4860,,17943,,0.45766590389016,0.457109556747219,40x,17214,16781,Kidney,,ccRCC tumor ffpe_c_10,v1_0_0,Human,Visium
Tertiary lymphoid structures generate and propagate anti-tumor antibody-producing plasma cells in renal cell cancer,INT19,INT19.tif,Kidney,Cancer,SCCRCC,Homo sapiens,Patient 6,Visium,3/3/22,Internal,https://pubmed.ncbi.nlm.nih.gov/35231421/,None (internal),100.0,55.0,4948,,17943,,0.45766590389016,0.45725462779329,40x,16989,16751,Kidney,,ccRCC tumor ffpe_c_20,v1_0_0,Human,Visium
Tertiary lymphoid structures generate and propagate anti-tumor antibody-producing plasma cells in renal cell cancer,INT18,INT18.tif,Kidney,Cancer,SCCRCC,Homo sapiens,Patient 7,Visium,3/3/22,Internal,https://pubmed.ncbi.nlm.nih.gov/35231421/,None (internal),100.0,55.0,4915,,17943,,0.45766590389016,0.458098050458905,40x,17115,17071,Kidney,,ccRCC tumor ffpe_c_21,v1_0_0,Human,Visium
Tertiary lymphoid structures generate and propagate anti-tumor antibody-producing plasma cells in renal cell cancer,INT17,INT17.tif,Kidney,Cancer,SCCRCC,Homo sapiens,Patient 8,Visium,3/3/22,Internal,https://pubmed.ncbi.nlm.nih.gov/35231421/,None (internal),100.0,55.0,3585,,17943,,0.45766590389016,0.457530311881018,40x,17482,16885,Kidney,,ccRCC tumor ffpe_c_34,v1_0_0,Human,Visium
Tertiary lymphoid structures generate and propagate anti-tumor antibody-producing plasma cells in renal cell cancer,INT16,INT16.tif,Kidney,Cancer,SCCRCC,Homo sapiens,Patient 9,Visium,3/3/22,Internal,https://pubmed.ncbi.nlm.nih.gov/35231421/,None (internal),100.0,55.0,3206,,17943,,0.45766590389016,0.457638451710432,40x,17158,16884,Kidney,,ccRCC tumor ffpe_c_36,v1_0_0,Human,Visium
Tertiary lymphoid structures generate and propagate anti-tumor antibody-producing plasma cells in renal cell cancer,INT15,INT15.tif,Kidney,Cancer,SCCRCC,Homo sapiens,Patient 10,Visium,3/3/22,Internal,https://pubmed.ncbi.nlm.nih.gov/35231421/,None (internal),100.0,55.0,4940,,17943,,0.45766590389016,0.457852371,40x,17303,16404,Kidney,,ccRCC tumor ffpe_c_39,v1_0_0,Human,Visium
Tertiary lymphoid structures generate and propagate anti-tumor antibody-producing plasma cells in renal cell cancer,INT14,INT14.tif,Kidney,Cancer,SCCRCC,Homo sapiens,Patient 11,Visium,3/3/22,Internal,https://pubmed.ncbi.nlm.nih.gov/35231421/,None (internal),100.0,55.0,4562,,17943,,0.45766590389016,0.457571755254355,40x,17040,16863,Kidney,,ccRCC tumor ffpe_c_45,v1_0_0,Human,Visium
Tertiary lymphoid structures generate and propagate anti-tumor antibody-producing plasma cells in renal cell cancer,INT13,INT13.tif,Kidney,Cancer,SCCRCC,Homo sapiens,Patient 12,Visium,3/3/22,Internal,https://pubmed.ncbi.nlm.nih.gov/35231421/,None (internal),100.0,55.0,4359,,17943,,0.45766590389016,0.457427788409886,40x,17110,16934,Kidney,,ccRCC tumor ffpe_c_51,v1_0_0,Human,Visium
Tertiary lymphoid structures generate and propagate anti-tumor antibody-producing plasma cells in renal cell cancer,INT12,INT12.tif,Kidney,Cancer,SCCRCC,Homo sapiens,Patient 13,Visium,3/3/22,Internal,https://pubmed.ncbi.nlm.nih.gov/35231421/,None (internal),100.0,55.0,1451,,36601,,0.45766590389016,0.457664178387135,40x,19200,18944,Kidney,,ccRCC tumor frozen_a_1,v1_0_0,Human,Visium
Tertiary lymphoid structures generate and propagate anti-tumor antibody-producing plasma cells in renal cell cancer,INT11,INT11.tif,Kidney,Cancer,SCCRCC,Homo sapiens,Patient 14,Visium,3/3/22,Internal,https://pubmed.ncbi.nlm.nih.gov/35231421/,None (internal),100.0,55.0,1439,,36601,,0.45766590389016,0.456621005,40x,19200,19712,Kidney,,ccRCC tumor frozen_a_3,v1_0_0,Human,Visium
Tertiary lymphoid structures generate and propagate anti-tumor antibody-producing plasma cells in renal cell cancer,INT10,INT10.tif,Kidney,Cancer,SCCRCC,Homo sapiens,Patient 15,Visium,3/3/22,Internal,https://pubmed.ncbi.nlm.nih.gov/35231421/,None (internal),100.0,55.0,1983,,36601,,0.45766590389016,0.458014733390284,40x,21120,19200,Kidney,,ccRCC tumor frozen_a_15,v1_0_0,Human,Visium
Tertiary lymphoid structures generate and propagate anti-tumor antibody-producing plasma cells in renal cell cancer,INT9,INT9.tif,Kidney,Cancer,SCCRCC,Homo sapiens,Patient 16,Visium,3/3/22,Internal,https://pubmed.ncbi.nlm.nih.gov/35231421/,None (internal),100.0,55.0,1696,,36601,,0.45766590389016,0.457549035711129,40x,19200,18944,Kidney,,ccRCC tumor frozen_a_17,v1_0_0,Human,Visium
Tertiary lymphoid structures generate and propagate anti-tumor antibody-producing plasma cells in renal cell cancer,INT8,INT8.tif,Kidney,Cancer,SCCRCC,Homo sapiens,Patient 17,Visium,3/3/22,Internal,https://pubmed.ncbi.nlm.nih.gov/35231421/,None (internal),100.0,55.0,1949,,36601,,0.45766590389016,0.457038391224863,40x,19200,19712,Kidney,,ccRCC tumor frozen_b_1,v1_0_0,Human,Visium
Tertiary lymphoid structures generate and propagate anti-tumor antibody-producing plasma cells in renal cell cancer,INT7,INT7.tif,Kidney,Cancer,SCCRCC,Homo sapiens,Patient 18,Visium,3/3/22,Internal,https://pubmed.ncbi.nlm.nih.gov/35231421/,None (internal),100.0,55.0,2374,,36601,,0.45766590389016,0.457665604322263,40x,21120,19200,Kidney,,ccRCC tumor frozen_b_7,v1_0_0,Human,Visium
Tertiary lymphoid structures generate and propagate anti-tumor antibody-producing plasma cells in renal cell cancer,INT6,INT6.tif,Kidney,Cancer,SCCRCC,Homo sapiens,Patient 19,Visium,3/3/22,Internal,https://pubmed.ncbi.nlm.nih.gov/35231421/,None (internal),100.0,55.0,1678,,36601,,0.45766590389016,0.457142823971497,40x,23040,20480,Kidney,,ccRCC tumor frozen_b_13,v1_0_0,Human,Visium
Tertiary lymphoid structures generate and propagate anti-tumor antibody-producing plasma cells in renal cell cancer,INT5,INT5.tif,Kidney,Cancer,SCCRCC,Homo sapiens,Patient 20,Visium,3/3/22,Internal,https://pubmed.ncbi.nlm.nih.gov/35231421/,None (internal),100.0,55.0,1186,,36601,,0.45766590389016,0.45661981448672,40x,21120,19456,Kidney,,ccRCC tumor frozen_b_18,v1_0_0,Human,Visium
Tertiary lymphoid structures generate and propagate anti-tumor antibody-producing plasma cells in renal cell cancer,INT4,INT4.tif,Kidney,Cancer,SCCRCC,Homo sapiens,Patient 21,Visium,3/3/22,Internal,https://pubmed.ncbi.nlm.nih.gov/35231421/,None (internal),100.0,55.0,1349,,36601,,0.45766590389016,0.458713451391209,40x,19200,19456,Kidney,,ccRCC tumor frozen_c_2,v1_0_0,Human,Visium
Tertiary lymphoid structures generate and propagate anti-tumor antibody-producing plasma cells in renal cell cancer,INT3,INT3.tif,Kidney,Cancer,SCCRCC,Homo sapiens,Patient 22,Visium,3/3/22,Internal,https://pubmed.ncbi.nlm.nih.gov/35231421/,None (internal),100.0,55.0,2007,,36601,,0.45766590389016,0.45766590389016,40x,21120,19456,Kidney,,ccRCC tumor frozen_c_5,v1_0_0,Human,Visium
Tertiary lymphoid structures generate and propagate anti-tumor antibody-producing plasma cells in renal cell cancer,INT2,INT2.tif,Kidney,Cancer,SCCRCC,Homo sapiens,Patient 23,Visium,3/3/22,Internal,https://pubmed.ncbi.nlm.nih.gov/35231421/,None (internal),100.0,55.0,2580,,36601,,0.45766590389016,0.457038391224863,40x,19200,19200,Kidney,,ccRCC tumor frozen_c_23,v1_0_0,Human,Visium
Tertiary lymphoid structures generate and propagate anti-tumor antibody-producing plasma cells in renal cell cancer,INT1,INT1.tif,Kidney,Cancer,SCCRCC,Homo sapiens,Patient 24,Visium,3/3/22,Internal,https://pubmed.ncbi.nlm.nih.gov/35231421/,None (internal),100.0,55.0,1084,,36601,,0.45766590389016,0.456893117723337,40x,19200,19968,Kidney,,ccRCC tumor frozen_c_57,v1_0_0,Human,Visium
Batf3-dendritic cells and 4-1BB-4-1BB ligand axis are required at the effector phase within the tumor microenvironment for PD-1-PD-L1 blockade efficacy,NCBI855,NCBI855.tif,Bladder,Cancer,BLCA,Homo sapiens,Patient 10,Visium,13-May-24,CC BY-NC 4.0,https://www.sciencedirect.com/science/article/pii/S2211124724004698?via%3Dihub#app2,                                            ,100.0,55.0,1432,FFPE,17943,,0.000624016,0.623110546093575,20x,14054,13447,Bladder,invasive bladder carcinoma,GSM7659430,v1_0_0,Human,Visium
Batf3-dendritic cells and 4-1BB-4-1BB ligand axis are required at the effector phase within the tumor microenvironment for PD-1-PD-L1 blockade efficacy,NCBI854,NCBI854.tif,Bladder,Cancer,BLCA,Homo sapiens,Patient 1,Visium,13-May-24,CC BY-NC 4.0,https://www.sciencedirect.com/science/article/pii/S2211124724004698?via%3Dihub#app2,                                            ,100.0,55.0,699,FFPE,17943,,0.000624016,0.622805810439895,20x,14054,13447,FFPE bladder tumor,invasive bladder carcinoma,GSM7659431,v1_0_0,Human,Visium
Distinct mesenchymal cell states mediate prostate cancer progression [Spatial Transcriptomics],NCBI793,NCBI793.tif,Prostate,Cancer,PRAD,Mus musculus,,Visium,1-Dec-23,,https://www.ncbi.nlm.nih.gov/pmc/articles/PMC10081210/,                                            ,100.0,55.0,14110,Fresh Frozen,32589,,0.00090138,0.901024277008932,20x,10080,9984,Prostate,,PRN,v1_0_0,Animal,Visium
"High resolution mapping of the tumor microenvironment using integrated single-cell, spatial and in situ analysis [Xenium]",NCBI785,NCBI785.tif,Breast,Cancer,IDC,Homo sapiens,patient 4,Xenium,9-Oct-23,,https://www.nature.com/articles/s41467-023-43458-x,                                            ,,,4180,FFPE,541,,0.363788003704963,0.363910795674915,40x,30786,24241,Breast,"T2N1M0, Stage II-B, ER+/HER2+/PR‚àí","Breast Cancer, Xenium In Situ Spatial Gene Expression Rep 1",v1_0_0,Human,Xenium
"High resolution mapping of the tumor microenvironment using integrated single-cell, spatial and in situ analysis [Xenium]",NCBI784,NCBI784.tif,Breast,Cancer,IDC,Homo sapiens,patient 4,Xenium,9-Oct-23,,https://www.nature.com/articles/s41467-023-43458-x,                                            ,,,4180,FFPE,541,,0.2125,0.363788003704963,40x,30786,19877,Breast,"T2N1M0, Stage II-B, ER+/HER2+/PR‚àí","Breast Cancer, Xenium In Situ Spatial Gene Expression Rep 2",v1_0_0,Human,Xenium
"High resolution mapping of the tumor microenvironment using integrated single-cell, spatial and in situ analysis [Xenium]",NCBI783,NCBI783.tif,Breast,Cancer,IDC,Homo sapiens,patient 5,Xenium,9-Oct-23,,https://www.nature.com/articles/s41467-023-43458-x,                                            ,,,3869,FFPE,541,,0.273979741225586,0.273959855977409,40x,21227,31943,Breast,"pT2 pN1a pMX, ER‚àí/HER2+/PR‚àí","Breast Cancer, Xenium In Situ Spatial Gene Expression",v1_0_0,Human,Xenium
"High resolution mapping of the tumor microenvironment using integrated single-cell, spatial and in situ analysis [scRNA-seq and Visium]",NCBI776,NCBI776.tif,Breast,Cancer,IDC,Homo sapiens,,Visium,9-Oct-23,,https://www.nature.com/articles/s41467-023-43458-x,                                            ,100.0,55.0,4992,Fresh Frozen,18085,,0.264583333333333,0.547553195122362,20x,19505,21571,Breast,,"Breast Cancer, Visium CytAssist Spatial Gene Expression",v1_0_0,Human,Visium
Spatial transcriptomics of adenoid cystic carcinoma of the lacrimal gland,NCBI771,NCBI771.tif,Eye,Cancer,ACYC,Homo sapiens,,Visium,5-Jul-23,,https://www.ncbi.nlm.nih.gov/pmc/articles/PMC10296284/,                                            ,100.0,55.0,3584,FFPE,17943,,,1.01009528453774,10x,10458,9011,Lacrimal gland,,"LGACC, sample A, spatial",v1_0_0,Human,Visium
Single Cell and Spatial Analysis of Human Squamous Cell Carcinoma [ST],NCBI770,NCBI770.tif,Skin,Cancer,CSCC,Homo sapiens,Patient 2,Spatial Transcriptomics,22-Jun-20,,https://www.ncbi.nlm.nih.gov/pmc/articles/PMC7391009/,                                            ,110.0,150.0,666,FFPE,17138,,,0.549309807668205,20x,15872,15872,Skin,,P2_ST_rep1,v1_0_0,Human,Spatial Transcriptomics
Single Cell and Spatial Analysis of Human Squamous Cell Carcinoma [ST],NCBI769,NCBI769.tif,Skin,Cancer,CSCC,Homo sapiens,Patient 2,Spatial Transcriptomics,22-Jun-20,,https://www.ncbi.nlm.nih.gov/pmc/articles/PMC7391009/,                                            ,110.0,150.0,646,FFPE,17344,,,0.549724827447536,20x,15872,15872,Skin,,P2_ST_rep2,v1_0_0,Human,Spatial Transcriptomics
Single Cell and Spatial Analysis of Human Squamous Cell Carcinoma [ST],NCBI768,NCBI768.tif,Skin,Cancer,CSCC,Homo sapiens,Patient 2,Spatial Transcriptomics,22-Jun-20,,https://www.ncbi.nlm.nih.gov/pmc/articles/PMC7391009/,                                            ,110.0,150.0,638,FFPE,17883,,,0.548988571993699,20x,15872,15872,Skin,,P2_ST_rep3,v1_0_0,Human,Spatial Transcriptomics
Single Cell and Spatial Analysis of Human Squamous Cell Carcinoma [ST],NCBI767,NCBI767.tif,Skin,Cancer,CSCC,Homo sapiens,Patient 5,Spatial Transcriptomics,22-Jun-20,,https://www.ncbi.nlm.nih.gov/pmc/articles/PMC7391009/,                                            ,110.0,150.0,590,FFPE,16959,,,0.551504956083769,20x,15872,15872,Skin,,P5_ST_rep1,v1_0_0,Human,Spatial Transcriptomics
Single Cell and Spatial Analysis of Human Squamous Cell Carcinoma [ST],NCBI766,NCBI766.tif,Skin,Cancer,CSCC,Homo sapiens,Patient 5,Spatial Transcriptomics,22-Jun-20,,https://www.ncbi.nlm.nih.gov/pmc/articles/PMC7391009/,                                            ,110.0,150.0,521,FFPE,17689,,,0.550463149489154,20x,15872,15872,Skin,,P5_ST_rep2,v1_0_0,Human,Spatial Transcriptomics
Single Cell and Spatial Analysis of Human Squamous Cell Carcinoma [ST],NCBI765,NCBI765.tif,Skin,Cancer,CSCC,Homo sapiens,Patient 5,Spatial Transcriptomics,22-Jun-20,,https://www.ncbi.nlm.nih.gov/pmc/articles/PMC7391009/,                                            ,110.0,150.0,521,FFPE,17399,,,0.550463149489154,20x,15872,15872,Skin,,P5_ST_rep3,v1_0_0,Human,Spatial Transcriptomics
Single Cell and Spatial Analysis of Human Squamous Cell Carcinoma [ST],NCBI764,NCBI764.tif,Skin,Cancer,CSCC,Homo sapiens,Patient 9,Spatial Transcriptomics,22-Jun-20,,https://www.ncbi.nlm.nih.gov/pmc/articles/PMC7391009/,                                            ,110.0,150.0,1145,FFPE,17823,,,0.552017020940817,20x,15872,15872,Skin,,P9_ST_rep1,v1_0_0,Human,Spatial Transcriptomics
Single Cell and Spatial Analysis of Human Squamous Cell Carcinoma [ST],NCBI763,NCBI763.tif,Skin,Cancer,CSCC,Homo sapiens,Patient 9,Spatial Transcriptomics,22-Jun-20,,https://www.ncbi.nlm.nih.gov/pmc/articles/PMC7391009/,                                            ,110.0,150.0,1071,FFPE,19314,,,0.549646419060838,20x,15872,15872,Skin,,P9_ST_rep2,v1_0_0,Human,Spatial Transcriptomics
Single Cell and Spatial Analysis of Human Squamous Cell Carcinoma [ST],NCBI762,NCBI762.tif,Skin,Cancer,CSCC,Homo sapiens,Patient 9,Spatial Transcriptomics,22-Jun-20,,https://www.ncbi.nlm.nih.gov/pmc/articles/PMC7391009/,                                            ,110.0,150.0,1182,FFPE,17976,,,0.549598116725419,20x,15872,15872,Skin,,P9_ST_rep3,v1_0_0,Human,Spatial Transcriptomics
Single Cell and Spatial Analysis of Human Squamous Cell Carcinoma [ST],NCBI761,NCBI761.tif,Skin,Cancer,CSCC,Homo sapiens,Patient 10,Spatial Transcriptomics,22-Jun-20,,https://www.ncbi.nlm.nih.gov/pmc/articles/PMC7391009/,                                            ,110.0,150.0,608,FFPE,15383,,,0.545403419772538,20x,15872,15872,Skin,,P10_ST_rep1,v1_0_0,Human,Spatial Transcriptomics
Single Cell and Spatial Analysis of Human Squamous Cell Carcinoma [ST],NCBI760,NCBI760.tif,Skin,Cancer,CSCC,Homo sapiens,Patient 10,Spatial Transcriptomics,22-Jun-20,,https://www.ncbi.nlm.nih.gov/pmc/articles/PMC7391009/,                                            ,110.0,150.0,621,FFPE,16642,,,0.548682985676229,20x,15872,15872,Skin,,P10_ST_rep2,v1_0_0,Human,Spatial Transcriptomics
Single Cell and Spatial Analysis of Human Squamous Cell Carcinoma [ST],NCBI759,NCBI759.tif,Skin,Cancer,CSCC,Homo sapiens,Patient 10,Spatial Transcriptomics,22-Jun-20,,https://www.ncbi.nlm.nih.gov/pmc/articles/PMC7391009/,                                            ,110.0,150.0,462,FFPE,17047,,,0.553919475219479,20x,15872,15872,Skin,,P10_ST_rep3,v1_0_0,Human,Spatial Transcriptomics
A cellular hierarchy in melanoma uncouples growth and metastasis,NCBI689,NCBI689.tif,Skin,Cancer,SKCM,Mus musculus,,Visium,12-Jul-22,,https://www.nature.com/articles/s41586-022-05242-7,                                            ,100.0,55.0,4992,,31053,,0.960000614400393,0.948439259185223,20x,9792,9727,Skin,,Visium melanoma_2,v1_0_0,Animal,Visium
A cellular hierarchy in melanoma uncouples growth and metastasis,NCBI688,NCBI688.tif,Skin,Cancer,SKCM,Mus musculus,,Visium,12-Jul-22,,https://www.nature.com/articles/s41586-022-05242-7,                                            ,100.0,55.0,4992,,31053,,0.960000614400393,0.94729577433495,20x,9792,9727,Skin,,Visium melanoma_3,v1_0_0,Animal,Visium
A cellular hierarchy in melanoma uncouples growth and metastasis,NCBI687,NCBI687.tif,Skin,Cancer,SKCM,Mus musculus,,Visium,12-Jul-22,,https://www.nature.com/articles/s41586-022-05242-7,                                            ,100.0,55.0,4992,,31053,,0.960000614400393,0.949092336747571,20x,9792,9727,Skin,,Visium melanoma_4,v1_0_0,Animal,Visium
Single cell profiling of primary and paired metastatic lymph node tumors in breast cancer patients,NCBI684,NCBI684.tif,Lymph node,Cancer,IDC,Homo sapiens,Patient 3,Visium,30-Apr-22,,https://www.nature.com/articles/s41467-022-34581-2,                                            ,100.0,55.0,4992,Fresh Frozen,33931,,,0.273475204102717,40x,30014,30174,Lymph node,,PT_3 LNM ST,v1_0_0,Human,Visium
Single cell profiling of primary and paired metastatic lymph node tumors in breast cancer patients,NCBI683,NCBI683.tif,Lymph node,Cancer,IDC,Homo sapiens,Patient 6,Visium,30-Apr-22,,https://www.nature.com/articles/s41467-022-34581-2,                                            ,100.0,55.0,4992,Fresh Frozen,33931,,,0.273423233720385,40x,29616,30094,Lymph node,,PT_6 LNM ST,v1_0_0,Human,Visium
Single cell profiling of primary and paired metastatic lymph node tumors in breast cancer patients,NCBI682,NCBI682.tif,Lymph node,Cancer,IDC,Homo sapiens,Patient 7,Visium,30-Apr-22,,https://www.nature.com/articles/s41467-022-34581-2,                                            ,100.0,55.0,4988,Fresh Frozen,33931,,,0.273875953950011,40x,30014,30254,Lymph node,,PT_7 LNM ST,v1_0_0,Human,Visium
Single cell profiling of primary and paired metastatic lymph node tumors in breast cancer patients,NCBI681,NCBI681.tif,Lymph node,Cancer,IDC,Homo sapiens,Patient 8,Visium,30-Apr-22,,https://www.nature.com/articles/s41467-022-34581-2,                                            ,100.0,55.0,4992,Fresh Frozen,33931,,,0.273891909021952,40x,30414,29935,Lymph node,,PT_8 LNM ST,v1_0_0,Human,Visium
Identification of TREM1+CD163+ myeloid cells as a deleterious immune subset in HCC [Spatial Transcriptomics],NCBI643,NCBI643.tif,Liver,Cancer,HCC,Homo sapiens,Patient a,Visium,4-Feb-24,,https://www.biorxiv.org/content/10.1101/2022.11.09.515839v1.full,                                            ,100.0,55.0,2261,Fresh Frozen,36601,,0.454256382302171,0.453956340911283,40x,23848,24936,Liver,,"CHC20, tumor",v1_0_0,Human,Visium
Identification of TREM1+CD163+ myeloid cells as a deleterious immune subset in HCC [Spatial Transcriptomics],NCBI642,NCBI642.tif,Liver,Cancer,HCC,Homo sapiens,Patient b,Visium,4-Feb-24,,https://www.biorxiv.org/content/10.1101/2022.11.09.515839v1.full,                                            ,100.0,55.0,1987,Fresh Frozen,36601,,0.454256382302171,0.453406233141645,40x,25400,25856,Liver,,"CHC23, tumor",v1_0_0,Human,Visium
Spatial transcriptomics reveal unnresolved wound repair as potential driver of PFA Ependymoma progression,NCBI641,NCBI641.tif,Brain,Cancer,EPM,Homo sapiens,Patient 459,Visium,13-Oct-22,,https://academic.oup.com/neuro-oncology/article/24/Supplement_1/i45/6600572,                                            ,100.0,55.0,2236,,36601,,0.47142899288241,0.471085219018595,40x,17546,17209,Brain,PFA,surgically resected tumor 459,v1_0_0,Human,Visium
Spatial transcriptomics reveal unnresolved wound repair as potential driver of PFA Ependymoma progression,NCBI640,NCBI640.tif,Brain,Cancer,EPM,Homo sapiens,Patient 723,Visium,13-Oct-22,,https://academic.oup.com/neuro-oncology/article/24/Supplement_1/i45/6600572,                                            ,100.0,55.0,1959,,36601,,0.000799366,0.799510183863572,20x,9916,10150,Brain,PFA,surgically resected tumor 723,v1_0_0,Human,Visium
Spatial transcriptomics reveal unnresolved wound repair as potential driver of PFA Ependymoma progression,NCBI639,NCBI639.tif,Brain,Cancer,EPM,Homo sapiens,Patient 727,Visium,13-Oct-22,,https://academic.oup.com/neuro-oncology/article/24/Supplement_1/i45/6600572,                                            ,100.0,55.0,979,,36601,,0.000616465,0.614915762058353,20x,12838,13152,Brain,PFA,surgically resected tumor 727,v1_0_0,Human,Visium
Spatial transcriptomics reveal unnresolved wound repair as potential driver of PFA Ependymoma progression,NCBI638,NCBI638.tif,Brain,Cancer,EPM,Homo sapiens,Patient 812,Visium,13-Oct-22,,https://academic.oup.com/neuro-oncology/article/24/Supplement_1/i45/6600572,                                            ,100.0,55.0,3060,,36601,,0.000799882,0.79943056878174,20x,9915,10151,Brain,PFA,surgically resected tumor 812,v1_0_0,Human,Visium
Spatial transcriptomics reveal unnresolved wound repair as potential driver of PFA Ependymoma progression,NCBI637,NCBI637.tif,Brain,Cancer,EPM,Homo sapiens,Patient 459,Visium,13-Oct-22,,https://academic.oup.com/neuro-oncology/article/24/Supplement_1/i45/6600572,                                            ,100.0,55.0,2705,,36601,,0.47142899288241,0.471085219018594,40x,17546,17209,Brain,PFA,surgically resected tumor 459_2,v1_0_0,Human,Visium
Spatial transcriptomics reveal unnresolved wound repair as potential driver of PFA Ependymoma progression,NCBI636,NCBI636.tif,Brain,Cancer,EPM,Homo sapiens,Patient 723,Visium,13-Oct-22,,https://academic.oup.com/neuro-oncology/article/24/Supplement_1/i45/6600572,                                            ,100.0,55.0,1616,,36601,,0.00079962,0.797143708252863,20x,9909,10157,Brain,PFA,surgically resected tumor 723_2,v1_0_0,Human,Visium
Spatial transcriptomics reveal unnresolved wound repair as potential driver of PFA Ependymoma progression,NCBI635,NCBI635.tif,Brain,Cancer,EPM,Homo sapiens,Patient 821,Visium,13-Oct-22,,https://academic.oup.com/neuro-oncology/article/24/Supplement_1/i45/6600572,                                            ,100.0,55.0,3027,,36601,,0.000799546,0.798443341437183,20x,9913,10152,Brain,PFA,surgically resected tumor 821,v1_0_0,Human,Visium
Spatial transcriptomics reveal unnresolved wound repair as potential driver of PFA Ependymoma progression,NCBI634,NCBI634.tif,Brain,Cancer,EPM,Homo sapiens,Patient 848,Visium,13-Oct-22,,https://academic.oup.com/neuro-oncology/article/24/Supplement_1/i45/6600572,                                            ,100.0,55.0,1842,,36601,,0.000616465,0.614216341593806,20x,12838,13152,Brain,PFA,surgically resected tumor 848,v1_0_0,Human,Visium
Spatial transcriptomics reveal unnresolved wound repair as potential driver of PFA Ependymoma progression,NCBI633,NCBI633.tif,Brain,Cancer,EPM,Homo sapiens,Patient 1101,Visium,13-Oct-22,,https://academic.oup.com/neuro-oncology/article/24/Supplement_1/i45/6600572,                                            ,100.0,55.0,3153,,36601,,0.000616465,0.614218848874309,20x,12838,13152,Brain,PFA,surgically resected tumor 1101,v1_0_0,Human,Visium
Spatial transcriptomics reveal unnresolved wound repair as potential driver of PFA Ependymoma progression,NCBI632,NCBI632.tif,Brain,Cancer,EPM,Homo sapiens,Patient 1269,Visium,13-Oct-22,,https://academic.oup.com/neuro-oncology/article/24/Supplement_1/i45/6600572,                                            ,100.0,55.0,2743,,36601,,0.000799707,0.799195283150488,20x,9911,10154,Brain,PFA,surgically resected tumor 1269,v1_0_0,Human,Visium
Spatial transcriptomics reveal unnresolved wound repair as potential driver of PFA Ependymoma progression,NCBI631,NCBI631.tif,Brain,Cancer,EPM,Homo sapiens,Patient 928,Visium,13-Oct-22,,https://academic.oup.com/neuro-oncology/article/24/Supplement_1/i45/6600572,                                            ,100.0,55.0,2051,,36601,,0.000799421,0.79836470031225,20x,9913,10153,Brain,PFA,surgically resected tumor 928,v1_0_0,Human,Visium
Spatial transcriptomics reveal unnresolved wound repair as potential driver of PFA Ependymoma progression,NCBI630,NCBI630.tif,Brain,Cancer,EPM,Homo sapiens,Patient 1239,Visium,13-Oct-22,,https://academic.oup.com/neuro-oncology/article/24/Supplement_1/i45/6600572,                                            ,100.0,55.0,2961,,36601,,0.000616465,0.614913511427056,20x,12838,13152,Brain,PFA,surgically resected tumor 1239,v1_0_0,Human,Visium
Spatial transcriptomics reveal unnresolved wound repair as potential driver of PFA Ependymoma progression,NCBI629,NCBI629.tif,Brain,Cancer,EPM,Homo sapiens,Patient 1513,Visium,13-Oct-22,,https://academic.oup.com/neuro-oncology/article/24/Supplement_1/i45/6600572,                                            ,100.0,55.0,3620,,36601,,0.000799645,0.798127320381795,20x,9911,10156,Brain,PFA,surgically resected tumor 1513,v1_0_0,Human,Visium
Spatial transcriptomics reveal unnresolved wound repair as potential driver of PFA Ependymoma progression,NCBI628,NCBI628.tif,Brain,Cancer,EPM,Homo sapiens,Patient 928,Visium,13-Oct-22,,https://academic.oup.com/neuro-oncology/article/24/Supplement_1/i45/6600572,                                            ,100.0,55.0,1262,,36601,,0.000800043,0.797534475822978,20x,9913,10152,Brain,PFA,surgically resected tumor 928_2,v1_0_0,Human,Visium
mousemodel_Heptablastoma spatial transcriptomics,NCBI627,NCBI627.tif,Liver,Cancer,LIHB,Mus musculus,,Visium,9-Jun-23,,https://www.nature.com/articles/s41467-023-39717-6,                                            ,100.0,55.0,4992,,31053,,,0.890600251,20x,9897,10000,Liver,,NEJ146-A,v1_0_0,Animal,Visium
mousemodel_Heptablastoma spatial transcriptomics,NCBI626,NCBI626.tif,Liver,Cancer,LIHB,Mus musculus,,Visium,9-Jun-23,,https://www.nature.com/articles/s41467-023-39717-6,                                            ,100.0,55.0,4992,,31053,,,0.922877910648014,20x,9560,10000,Liver,,NEJ146-B,v1_0_0,Animal,Visium
mousemodel_Heptablastoma spatial transcriptomics,NCBI625,NCBI625.tif,Liver,Cancer,LIHB,Mus musculus,,Visium,9-Jun-23,,https://www.nature.com/articles/s41467-023-39717-6,                                            ,100.0,55.0,4992,,31053,,,0.891714532660015,20x,9898,10000,Liver,,NEJ146-C,v1_0_0,Animal,Visium
mousemodel_Heptablastoma spatial transcriptomics,NCBI624,NCBI624.tif,Liver,Cancer,LIHB,Mus musculus,,Visium,9-Jun-23,,https://www.nature.com/articles/s41467-023-39717-6,                                            ,100.0,55.0,4992,,31053,,,0.922899588006172,20x,9560,10000,Liver,,NEJ146-D,v1_0_0,Animal,Visium
mousemodel_Heptablastoma spatial transcriptomics,NCBI623,NCBI623.tif,Liver,Cancer,LIHB,Mus musculus,,Visium,9-Jun-23,,https://www.nature.com/articles/s41467-023-39717-6,                                            ,100.0,55.0,4992,,31053,,,0.889949916732821,20x,9894,10000,Liver,,NEJ634_A,v1_0_0,Animal,Visium
mousemodel_Heptablastoma spatial transcriptomics,NCBI622,NCBI622.tif,Liver,Cancer,LIHB,Mus musculus,,Visium,9-Jun-23,,https://www.nature.com/articles/s41467-023-39717-6,                                            ,100.0,55.0,4992,,31053,,,0.922182119444054,20x,9550,10000,Liver,,NEJ638_C,v1_0_0,Animal,Visium
mousemodel_Heptablastoma spatial transcriptomics,NCBI621,NCBI621.tif,Liver,Cancer,LIHB,Mus musculus,,Visium,9-Jun-23,,https://www.nature.com/articles/s41467-023-39717-6,                                            ,100.0,55.0,4989,,31053,,,0.890103170893476,20x,9896,10000,Liver,,NEJ723_A,v1_0_0,Animal,Visium
mousemodel_Heptablastoma spatial transcriptomics,NCBI620,NCBI620.tif,Liver,Cancer,LIHB,Mus musculus,,Visium,9-Jun-23,,https://www.nature.com/articles/s41467-023-39717-6,                                            ,100.0,55.0,4992,,31053,,,0.889950813815988,20x,9899,10000,Liver,,NEJ654_D,v1_0_0,Animal,Visium
mousemodel_Heptablastoma spatial transcriptomics,NCBI619,NCBI619.tif,Liver,Cancer,LIHB,Mus musculus,,Visium,9-Jun-23,,https://www.nature.com/articles/s41467-023-39717-6,                                            ,100.0,55.0,4991,,31053,,,0.904298883,20x,10000,9837,Liver,,NEJ677_D,v1_0_0,Animal,Visium
mousemodel_Heptablastoma spatial transcriptomics,NCBI618,NCBI618.tif,Liver,Cancer,LIHB,Mus musculus,,Visium,9-Jun-23,,https://www.nature.com/articles/s41467-023-39717-6,                                            ,100.0,55.0,4992,,31053,,,0.885522363259718,20x,9885,10000,Liver,,NEJ687_C,v1_0_0,Animal,Visium
"A new epithelial cell subpopulation predicts response to surgery, chemotherapy, and immunotherapy in bladder cancer",NCBI603,NCBI603.tif,Bladder,Cancer,BLCA,Homo sapiens,Patient 1,Visium,4-Jun-21,,,                                            ,100.0,55.0,768,,33538,,,0.48770771214772,40x,17496,16208,Bladder,,MIBC_B1204,v1_0_0,Human,Visium
"A new epithelial cell subpopulation predicts response to surgery, chemotherapy, and immunotherapy in bladder cancer",NCBI602,NCBI602.tif,Bladder,Cancer,BLCA,Homo sapiens,Patient 2,Visium,4-Jun-21,,,                                            ,100.0,55.0,1017,,33538,,,0.488292493577156,40x,17496,16208,Bladder,,MIBC_B8,v1_0_0,Human,Visium
"A new epithelial cell subpopulation predicts response to surgery, chemotherapy, and immunotherapy in bladder cancer",NCBI601,NCBI601.tif,Bladder,Cancer,BLCA,Homo sapiens,Patient 3,Visium,4-Jun-21,,,                                            ,100.0,55.0,1469,,33538,,,0.490055282362631,40x,17496,16208,Bladder,,MIBC_B72,v1_0_0,Human,Visium
"A new epithelial cell subpopulation predicts response to surgery, chemotherapy, and immunotherapy in bladder cancer",NCBI600,NCBI600.tif,Bladder,Cancer,BLCA,Homo sapiens,Patient 4,Visium,4-Jun-21,,,                                            ,100.0,55.0,832,,33538,,,0.48762359680931,40x,17170,16208,Bladder,,MIBC_B371,v1_0_0,Human,Visium
Schwann Cells Shape Tumor Cells and Cancer-Associated Fibroblasts in the Pancreatic Ductal Adenocarcinoma Microenvironment [ST],NCBI572,NCBI572.tif,Pancreas,Cancer,PAAD,Homo sapiens,,Visium,30-May-23,,https://www.nature.com/articles/s41467-023-40314-w,                                            ,100.0,55.0,3794,Fresh Frozen,20615,,0.000548714,0.546534883790149,20x,14592,14848,Pancreas,,ST_PDAC-1,v1_0_0,Human,Visium
Schwann Cells Shape Tumor Cells and Cancer-Associated Fibroblasts in the Pancreatic Ductal Adenocarcinoma Microenvironment [ST],NCBI571,NCBI571.tif,Pancreas,Cancer,PAAD,Homo sapiens,,Visium,30-May-23,,https://www.nature.com/articles/s41467-023-40314-w,                                            ,100.0,55.0,2498,Fresh Frozen,20615,,0.000548714,0.546778943313963,20x,14592,14592,Pancreas,,ST_PDAC-2,v1_0_0,Human,Visium
Schwann Cells Shape Tumor Cells and Cancer-Associated Fibroblasts in the Pancreatic Ductal Adenocarcinoma Microenvironment [ST],NCBI570,NCBI570.tif,Pancreas,Cancer,PAAD,Homo sapiens,,Visium,30-May-23,,https://www.nature.com/articles/s41467-023-40314-w,                                            ,100.0,55.0,3216,Fresh Frozen,20615,,0.000548714,0.546163594565309,20x,14592,14336,Pancreas,,ST_PDAC-3,v1_0_0,Human,Visium
Schwann Cells Shape Tumor Cells and Cancer-Associated Fibroblasts in the Pancreatic Ductal Adenocarcinoma Microenvironment [ST],NCBI569,NCBI569.tif,Pancreas,Cancer,PAAD,Homo sapiens,,Visium,30-May-23,,https://www.nature.com/articles/s41467-023-40314-w,                                            ,100.0,55.0,3493,Fresh Frozen,20615,,0.000548714,0.546778943313957,20x,14336,14592,Pancreas,,ST_PDAC-4,v1_0_0,Human,Visium
Spatiotemporally Deciphering the Unknown Role of Persistent HPV Infection in Precancer to Cervical Cancer Progression: Integrating Single-Cell RNA-Sequencing Landscape and Spatial Transcriptomics Atlas [Spatial Transcriptomics],NCBI2,NCBI2.tif,Cervix,Cancer,UNKNOWN,Homo sapiens,,Visium,2-Apr-23,CC BY 4.0,https://www.ncbi.nlm.nih.gov/pmc/articles/PMC10040725/,                                            ,100.0,55.0,1757,,20615,,,0.853226229476359,20x,10322,9666,Cervical tissue,Cancer HPV positive,"CA_HPV, replicate 1, Spatial Transcriptomics",v1_0_0,Human,Visium
Spatiotemporally Deciphering the Unknown Role of Persistent HPV Infection in Precancer to Cervical Cancer Progression: Integrating Single-Cell RNA-Sequencing Landscape and Spatial Transcriptomics Atlas [Spatial Transcriptomics],NCBI1,NCBI1.tif,Cervix,Cancer,UNKNOWN,Homo sapiens,,Visium,2-Apr-23,CC BY 4.0,https://www.ncbi.nlm.nih.gov/pmc/articles/PMC10040725/,                                            ,100.0,55.0,1593,,20615,,,0.882188595008318,20x,10159,9762,Cervical tissue,Cancer HPV positive,"CA_HPV, replicate 2, Spatial Transcriptomics",v1_0_0,Human,Visium
